Museen,Staedte,Webseiten
Domschatzkammer Aachen,Aachen,www.aachener-domschatz.de
Kunsthaus NRW Kornelimünster,Aachen,www.kunsthaus-nrw
Suermondt-Ludwig-Museum,Aachen,www.suermondt-ludwig-museum.de
explorhino Science Center,Aalen,www.explorhino.de
Museen Aalen,Aalen,www.museen-aalen.de
Stadtmuseum Abensberg,Abensberg,www.stadtmuseum-abensberg.de
Kunstmuseum Ahlen gGmbH,Ahlen,www.kunstmuseum-ahlen.de
Alte Schäferei Gerätemuseum des Coburger Landes,Ahorn,www.geraetemuseum-ahorn.de/
Galerie im Marstall,Ahrensburg,www.galerie-im-marstall.de
Stiftung Schloß Ahrensburg,Ahrensburg,www.schloss-ahrensburg.de
Kunstmuseum der Stadt Albstadt,Albstadt,www.kunstmuseumalbstadt.de
Maschenmuseum,Albstadt,www.museen-albstadt.de
Museum Kunst der Westküste,Alkersum/Föhr,www.mkdw.de
AGRONEUM Alt Schwerin,Alt Schwerin,www.agroneum-altschwerin.de
Lindenau-Museum Altenburg,Altenburg,www.lindenau-museum.de
Museum Alzey,Alzey,www.museum-alzey.de
Stadtmuseum Amberg,Amberg,www.stadtmuseum-amberg.de
Geysir.info GmbH,Andernach,www.geysir-andernach.de
Heinrich-Schliemann-Museum,Ankershagen,www.schliemann-museum.de
Museum im Steintor,Anklam,www.museum-im-steintor.de
Otto-Lilienthal-Museum,Anklam,www.lilienthal-museum.de
GlockenStadtMuseum Apolda,Apolda,www.glockenmuseum-apolda.de
Sauerlandmuseum Arnsberg,Arnsberg,www.sauerland-museum.de
Förderverein Fahrradmuseum Arnschwang,Arnschwang,www.fahrradmuseum.eu
Grenzmuseum Schifflersgrund,Asbach-Sickenberg,www.grenzmuseum.de
Museen der Stadt Aschaffenburg,Aschaffenburg,www.museen-aschaffenburg.de
Attendorner Feuerwehr-Museum,Attendorn,www.attendorner-feuerwehr-museum.de
Südsauerlandmuseum,Attendorn,www.suedsauerlandmuseum.de
Jüdisches Kulturmuseum Augsburg-Schwaben,Augsburg,www.jkmas.de
Kunstsammlungen und Museen Augsburg,Augsburg,www.kunstsammlungen-museen.augsburg.de
Naturmuseum der Stadt Augsburg,Augsburg,www.augsburg.de/naturmuseum
Augustusburg | Scharfenstein | Lichtenwalde Schlossbetriebe gGmbH,Augustusburg,www.die-sehenswerten-drei.de
Technikforum Backnang,Backnang,https://www.backnang.de/kultur-sport-freizeit/kunst-museen-ausstellungen/technikforum
Museum Bad Arolsen,Bad Arolsen,www.museum-bad-arolsen.de
Oberrheinisches Bäder- und Heimatmuseum Bad Bellingen,Bad Bellingen,www.gemeinde-bad-bellingen.de
Museen Schloss Aschach,Bad Bocklet/Aschach,www.museen-schloss-aschach.de
Deutsches Fahrradmuseum,Bad Brückenau,www.deutsches-fahrradmuseum.de
Federseemuseum Bad Buchau,Bad Buchau,www.federseemuseum.de
Stadtmuseum und Bädermuseum Bad Doberan – Möckelhaus,Bad Doberan,www.moeckelhaus.de
Landschaftsmuseum Bad Düben,Bad Düben,www.museumburgdueben.de
Pfalzmuseum für Naturkunde – Pollichia-Museum,Bad Dürkheim,www.pfalzmuseum.de
Stadtmuseum im Kulturzentrum Haus Catoiv,Bad Dürkheim,www.bad-duerkheim.de
Panorama Museum Bad Frankenhausen,Bad Frankenhausen,www.panorama-museum.de
Regionalmuseum Bad Frankenhausen,Bad Frankenhausen,www.regionalmuseum-bfh.de
Museum Sinclair-Haus,Bad Homburg,www.museum-sinclair-haus.de
Römerkastell Saalburg- Archäologischer Park,Bad Homburg,www.saalburgmuseum.de
Staatliche Schlösser und Gärten Hessen,Bad Homburg,www.schloesser-hessen.de
Stiftung Bundeskanzler-Adenauer-Haus,Bad Honnef-Rhöndorf,www.adenauerhaus.de
Museum Obere Saline mit Bismarck Museum,Bad Kissingen,www.museum-obere-saline.de
Heinrich-Schütz-Haus,Bad Köstritz,www.heinrich-schuetz-haus.de
Internationales Radiomuseum,Bad Laasphe,www.bad-laasphe.de/standard/page.sys/details/eintrag_
Mitteldeutsches Marionettentheatermuseum,Bad Liebenwerda,https://www.museumsverbund-lkee.de/Museumsverbund/Mitteldeutsches-Marionettentheatermuseum/
Deutschordensmuseum Bad Mergentheim GmbH,Bad Mergentheim,www.deutschordensmuseum.de
Deutsches Stuhlmuseum Eimbeckhausen e.V.,Bad Münder,www.stuhlmuseum.de
Landratsamt,Bad Neustadt,www.rhoen-grabfeld.de/kultur
BikiniARTmuseum,Bad Rappenau,www.bikiniartmuseum.com
ReichenhallMuseum,Bad Reichenhall,www.reichenhallmuseum.de
Westfälische Salzwelten,Bad Sassendorf,www.westfaelische-salzwelten.de
Oberschwäbisches Museumsdorf Kürnbach,Bad Schussenried-Kürnbach,www.museumsdorf-kuernbach.de
Heimatmuseum Bad Sobernheim,Bad Sobernheim,www.bad-sobernheim.de
Rheinland-Pfälzisches Freilichtmuseum,Bad Sobernheim,www.freilichtmuseum-rlp.de
Grafikmuseum Stiftung Schreiner,Bad Steben,www.grafikmuseum-schreiner.de
Erwin Hymer Museum,Bad Waldsee,www.erwin-hymer-museum.de
Fränkisches Freilandmuseum Bad Windsheim,Bad Windsheim,www.freilandmuseum.de
Museum Frieder Burda,Baden-Baden,www.museum-frieder-burda.de
Museum LA8- Museum für Kunst und Technik des 19. Jahrhunderts,Baden-Baden,www.museum.la8.de
Stadtmuseum Baden-Baden,Baden-Baden,www.stadtmuseum-baden-baden.de
Natureum Niederelbe und Elbe-Küsten-Park,Balje,www.natureum-niederelbe.de
Museen der Stadt Bamberg,Bamberg,museum.bamberg.de
Naturkundemuseum Bamberg,Bamberg,www.naturkundemuseum-bamberg.de
Geschichtspark Bärnau-Tachov,Bärnau,www.geschichtspark.de
Vineta-Museum Barth,Barth,www.vineta-museum.de
Historisches Museum Basel,Basel,www.hmb.ch
Museum Bautzen,Bautzen,www.museum-bautzen.de
Deutsches Freimaurer-Museum,Bayreuth,www.freimaurermuseum.de
Historisches Museum Bayreuth,Bayreuth,www.historisches-museum-bayreuth.de
Iwalewahaus Bayreuth,Bayreuth,www.iwalewa.uni-bayreuth.de
Kunstmuseum Bayreuth,Bayreuth,www.kunstmuseum-bayreuth.de
Richard Wagner Museum Bayreuth,Bayreuth,www.wagnermuseum.de
Stiftung Museum Schloss Moyland,Bedburg-Hau,www.moyland.de
Kunstarchiv Beeskow,Beeskow,www.kunstarchiv-beeskow.de
Regionalmuseum in der Burg Beeskow,Beeskow,www.burg-beeskow.de
Stiftung Sayner Hütte,Bendorf,www.saynerhuette.org
Dokumentation Obersalzberg,Berchtesgaden,www.obersalzberg.de
"Bergisches Museum für Bergbau, Handwerk und Gewerbe",Bergisch Gladbach,www.bergisches-museum.de
Kunstmuseum Villa Zanders,Bergisch Gladbach,www.villa-zanders.de
LVR-Industriemuseum Papiermühle Alte Dombach,Bergisch Gladbach,www.industriemuseum.lvr.de/papiermuehlealtedombach
"Ägyptisches Museum – Papyrussammlung, Staatliche Museen zu Berlin",Berlin,www.smb.spk-berlin.de/aemp/s.html
Akademie der Künste,Berlin,www.adk.de
AlliiertenMuseum e.V.,Berlin,www.alliiertenmuseum.de
Anne Frank Zentrum e.V.,Berlin,www.annefrank.de
"Antikensammlung, Staatliche Museen zu Berlin",Berlin,www.smb.museum/museen-einrichtungen/antikensammlung/home.html
Arsenal – Institut für Film und Videokunst e.V.,Berlin,www.arsenal-berlin.de/home.html
Bauhaus-Archiv e.V.,Berlin,www.bauhaus.de
Berliner Medizinhistorisches Museum der Charité,Berlin,www.bmm.charite.de
Berliner S-Bahn-Museum GbR,Berlin,www.s-bahn-museum.de
Berliner Unterwelten e.V.,Berlin,www.berliner-unterwelten.de
Berlinische Galerie,Berlin,www.berlinischegalerie.de
Bernhard-Heiliger-Stiftung,Berlin,www.bernhard-heiliger-stiftung.de
"Bode-Museum, Staatliche Museen zu Berlin",Berlin,www.smb.museum
Botanisches Museum Berlin,Berlin,www.bgbm.org
Bröhan-Museum,Berlin,www.broehan-museum.de
Brücke-Museum,Berlin,www.bruecke-museum.de
Bundesverband Deutscher Kinder- und Jugendmuseen,Berlin,www.bv-kindermuseum.de
C/O Berlin Foundation,Berlin,www.co-berlin.org
Camaro Haus,Berlin,https://camaro-stiftung.de/
Cold War Museum Berlin,Berlin,www.coldwarmuseum.de
Computerspielemuseum,Berlin,www.computerspielemuseum.de
Dali Berlin Ausstellungsbetriebs GmbH,Berlin,www.daliberlin.de
DDR Museum,Berlin,www.ddr-museum.de
Deutsche Bank Kunsthalle,Berlin,www.deutsche-bank-kunsthalle.de
Deutsche Kinemathek- Museum für Film und Fernsehen,Berlin,www.deutsche-kinemathek.de
Deutsches Historisches Museum,Berlin,www.dhm.de
Deutsches Spionagemuseum,Berlin,www.deutsches-spionagemuseum.de
DIE MAUER | THE WALL,Berlin,diemauerthewall.de
Dokumentationszentrum Prora e.V.,Berlin,www.prora.eu
"Ethnologisches Museum, Staatliche Museen zu Berlin",Berlin,www.smb.museum
Forum Willy Brandt Berlin,Berlin,www.willy-brandt.de
Futurium gGmbH,Berlin,www.futurium.de
Galerie Parterre Berlin/Kunstsammlung Pankow,Berlin,www.berlin.de/kunst-und-kultur-pankow/Kunstsammlung
Gedenk- und Ausstellungsort Friedhof der Märzgefallenen,Berlin,www.friedhof-der-maerzgefallenen.de/gedenkortneu
"Gemäldegalerie, Staatliche Museen zu Berlin",Berlin,www.smb.spk-berlin.de/gg/s.html
Georg Kolbe Museum,Berlin,www.georg-kolbe-museum.de
"Hamburger Bahnhof, Museum für Gegenwart, Staatliche Museen zu Berlin",Berlin,www.smb.spk-berlin.de
Hugenottenmuseum,Berlin,www.hugenottenmuseum-berlin.de
Käthe-Kollwitz-Museum Berlin,Berlin,www.kaethe-kollwitz.berlin
Kommunale Galerien des Bezirks Steglitz-Zehlendorf,Berlin,https://www.berlin.de/ba-steglitz-zehlendorf/auf-einen-blick/kultur/
KUNST-WERKE BERLIN – KW Institute for Contemporary Art,Berlin,www.kw-berlin.de
"Kunstbibliothek, Staatliche Museen zu Berlin",Berlin,www.smb.spk-berlin.de/kb/s.html
"Kunstgewerbemuseum, Staatliche Museen zu Berlin",Berlin,www.smb.museum
"Kupferstichkabinett, Staatliche Museen zu Berlin",Berlin,www.smb.museum
Liebermann-Villa am Wannsee,Berlin,www.liebermann-villa.de
MAGICUM Berlin Magic Museum,Berlin,www.magicum-berlin.de
Martin-Gropius-Bau,Berlin,www.gropiusbau.de
Mitte Museum,Berlin,www.mittemuseum.de
"Münzkabinett, Staatliche Museen zu Berlin",Berlin,www.smb.spk-berlin.de/mk
Museen Tempelhof-Schöneberg,Berlin,www.museentempelhof-schoenberg.de
Museum Berlin-Karlshorst e.V.,Berlin,www.museum-karlshorst.de
Museum Charlottenburg-Wilmersdorf,Berlin,www.villa-oppenheim-berlin.de
"Museum Europäischer Kulturen, Staatliche Museen zu Berlin",Berlin,www.smb.museum/museen-einrichtungen/museum-europaeischer-kulturen/home/
"Museum für Asiatische Kunst, Staatliche Museen zu Berlin",Berlin,www.smb.museum/oak.de
"Museum für Islamische Kunst, Staatliche Museen zu Berlin",Berlin,www.smb.spk-berlin.de/isl/s.html
Museum für Kommunikation Berlin,Berlin,www.mfk-berlin.de
Museum für Naturkunde Berlin,Berlin,www.naturkundemuseum.berlin
"Museum für Vor- und Frühgeschichte, Staatliche Museen zu Berlin",Berlin,www.smb.museum
Museum Lichtenberg im Stadthaus,Berlin,www.museum-lichtenberg.de
Museum Neukölln,Berlin,www.museum-neukoelln.de
Museum Reinickendorf,Berlin,www.museum-reinickendorf.de
Musikinstrumenten-Museum des Staatlichen Instituts für Musikforschung,Berlin,https://www.simpk.de/museum.html
SAMURAI Museum Berlin,Berlin,https://samuraimuseum.de/
Schwules Museum*,Berlin,www.schwulesmuseum.de
Sportmuseum Berlin,Berlin,https://sportmuseum.hypotheses.org
Stadtgeschichtliches Museum Spandau,Berlin,www.zitadelle-berlin.de
Stiftung Berliner Mauer,Berlin,www.stiftung-berliner-mauer.de
Stiftung Deutsches Technikmuseum,Berlin,www.technikmuseum.berlin
Stiftung Domäne Dahlem,Berlin,www.domaene-dahlem.de
"Stiftung Flucht, Vetreibung, Versöhnung",Berlin,www.sfvv.de
Stiftung Gedenkstätte Berlin- Hohenschönhausen,Berlin,www.stiftung-hsh.de
Stiftung Jüdisches Museum Berlin,Berlin,www.jmberlin.de
Stiftung Kunstforum Berliner Volksbank,Berlin,www.kunstforum.berlin
Stiftung Neue Synagoge Berlin – Centrum Judaicum,Berlin,https://centrumjudaicum.de/
Stiftung Planetarium Berlin,Berlin,www.planetarium.berlin
Stiftung Stadtmuseum Berlin,Berlin,www.stadtmuseum.de
Stiftung Topographie des Terrors,Berlin,www.topographie.de
"Vorderasiatisches Museum, Staatliche Museen zu Berlin",Berlin,www.smb.museum/museen-un-einrichtungen/vorderasiatischesmuse
Werkbundarchiv – Museum der Dinge,Berlin,www.museumderdinge.de
Militärhistorisches Museum der Bundeswehr Flugplatz Berlin-Gatow,Berlin-Gatow,www.mhm-gatow.de
Bernisches Historisches Museum,Bern,www.bhm.ch
Besucherzentrum Bernau für das UNESCO-Welterbe Bauhaus,Bernau bei Berlin,www.welterbe-bernau.de
Heimatmuseum Bernau bei Berlin,Bernau bei Berlin,www.bernau-bei-berlin.de
Museum Schloss Bernburg,Bernburg,www.museumschlossbernburg.de
Buchheim Museum der Phantasie,Bernried am Starnberger See,www.buchheimmuseum.de
Kreismuseum Bersenbrück,Bersenbrück,www.museum-bersenbrueck.de
Sauerländer Besucherbergwerk,Bestwig,www.sauerlaender-besucherbergwerk.de
Freilichtmuseum Beuren,Beuren,www.freilichtmuseum-beuren.de
Museum Biberach,Biberach a.d. Riß,www.museum-biberach.de
Hinterlandmuseum Schloss Biedenkopf,Biedenkopf,www.marburg-biedenkopf.de/hinterlandmuseum
Historisches Museum Bielefeld,Bielefeld,www.historische-museen-bielefeld.de
Kunsthalle Bielefeld,Bielefeld,www.kunsthalle-bielefeld.de
Naturkunde-Museum Bielefeld,Bielefeld,www.namu-ev.de
Stiftung Tri-Ergon Filmwerk / MuMa-Forum,Bielefeld,www.muma-forum.de
Städtische Galerie Bietigheim-Bissingen,Bietigheim-Bissingen,galerie.bietigheim-bissingen.de
Stadtmuseum Hornmoldhaus,Bietigheim-Bissingen,stadtmuseum.bietigheim-bissingen.de
Historisches Museum am Strom – Hildegard von Bingen,Bingen,www.bingen.de
Urgeschichtliches Museum Blaubeuren,Blaubeuren,www.urmu.de
Deutsches Fleischermuseum,Böblingen,www.fleischermuseum.boeblingen.de
Städtische Galerie Böblingen,Böblingen,www.staedtischegalerie.boeblingen.de
Stadtmuseum Bocholt,Bocholt,www.stadtmuseum-bocholt.de
Deutsches Bergbau-Museum Bochum,Bochum,www.bergbaumuseum.de
Kunstmuseum Bochum,Bochum,www.kunstmuseum-bochum.de
Stadtarchiv- Bochumer Zentrum für Stadtgeschichte,Bochum,www.bochum.de/stadtarchiv
Tierpark und Fossilium Bochum,Bochum,www.tierpark-bochum.de
Beethoven-Haus Bonn,Bonn,www.beethoven-haus.de
Bundeskunsthalle,Bonn,www.kah-bonn.de
Kunstmuseum Bonn,Bonn,www.kunstmuseum-bonn.de
LVR-LandesMuseum Bonn,Bonn,www.landesmuseum-bonn.lvr.de
Museum August Macke Haus,Bonn,www.august-macke-haus.de
Museumsstiftung Post u. Telekommunikation,Bonn,www.museumsstiftung.de
Stadtmuseum Bonn,Bonn,www2.bonn.de/stadtmuseum
Stiftung Haus der Geschichte der Bundesrepublik Deutschland,Bonn,www.hdg.de
Zoologisches Forschungsmuseum Alexander Koenig,Bonn,www.zfmk.de
Sammlung Zander gGmbH,Bönnigheim,www.sammlung-zander.de
FARB Forum Altes Rathaus Borken,Borken,www.farb.borken.de
Hessisches Braunkohle Bergbaumuseum,Borken,www.braunkohle-bergbaumuseum.de
Museum der Stadt Borna,Borna,www.museum-borna.de
Museumszentrum Quadrat Bottrop,Bottrop,www.quadrat-bottrop.de
Naturmuseum Südtirol,Bozen,www.naturmuseum.it
Schiffahrtsmuseum Unterweser,Brake,www.schiffahrtsmuseum-unterweser.de
Tuchmacher Museum Bramsche,Bramsche,www.tuchmachermuseum.de
Varusschlacht im Osnabrücker Land gGmbH,Bramsche-Kalkriese,www.kalkriese-varusschlacht.de
Dommuseum Brandenburg,Brandenburg an der Havel,www.dom-brandenburg.de
Industriemuseum Brandenburg an der Havel,Brandenburg an der Havel,www.industriemuseum-brandenburg.de
Stadtmuseum Brandenburg an der Havel,Brandenburg an der Havel,www.stadtmuseum-brandenburg.de
Rabbinatsmuseum Braunsbach – Jüdisches Museum,Braunsbach,www.rabbinatsmuseum-braunsbach.de
Braunschweigisches Landesmuseum,Braunschweig,https://3landesmuseen-braunschweig.de/braunschweigisches-landesmuseum
GEYSO20 atelier – galerie – sammlung,Braunschweig,www.geyso20.de
Herzog Anton Ulrich-Museum,Braunschweig,https://3landesmuseen-braunschweig.de/herzog-anton-ulrich-museum
Schlossmuseum Braunschweig,Braunschweig,www.schlossmuseum-braunschweig.de
Staatliches Naturhistorisches Museum Braunschweig,Braunschweig,https://3landesmuseen-braunschweig.de/staatliches-naturhistorisches-museum
Städtisches Museum Braunschweig,Braunschweig,www.braunschweig.de/museum
botanika GmbH,Bremen,www.botanika-bremen.de
Focke-Museum,Bremen,www.focke.museum.de
Gerhard-Marcks-Stiftung,Bremen,www.marcks.de
Hafenmuseum Speicher XI,Bremen,www.hafenmuseum-speicherelf.de
Krankenhaus-Museum,Bremen,www.kulturambulanz.de
Kunsthalle Bremen,Bremen,www.kunsthalle-bremen.de
Museen Böttcherstraße Stiftungs-GmbH,Bremen,www.museen-boettcherstrasse.de
Übersee-Museum Bremen,Bremen,www.uebersee-museum.de
Weserburg Museum für moderne Kunst,Bremen,weserburg.de
Wilhelm Wagenfeld Stiftung,Bremen,www.wilhelm-wagenfeld-stiftung.de
Deutsches Auswandererhaus gemeinnützige GmbH,Bremerhaven,www.dah-bremerhaven.de
Deutsches Schifffahrtsmuseum,Bremerhaven,www.dsm.museum
Historisches Museum Bremerhaven,Bremerhaven,www.historisches-museum-bremerhaven.de
Klimahaus Bremerhaven,Bremerhaven,www.klimahaus-bremerhaven.de
Kunsthalle und Kunstmuseum Bremerhaven,Bremerhaven,www.kunstverein-bremerhaven.de
Stiftung Bachmann-Museum Bremervörde,Bremervörde,www.bachmann-museum.de
Stadtmuseum Schweizer Hof; Deutsches Schutzengel-Museum,Bretten,www.bretten.de
Deutscher Eisenbahn-Verein e.V. Niedersächsisches Kleinbahnmuseum,Bruchhausen-Vilsen,www.museumseisenbahn.de
Staatliche Schlösser und Gärten Baden-Württemberg,Bruchsal,www.schloesser-und-gaerten.de
Städtisches Museum Bruchsal,Bruchsal,www.bruchsal.de/staedtischesmuseum
Stadtmuseum Brugg,Brugg (Schweiz),www.stadtmuseumbrugg.ch
Max Ernst Museum Brühl des LVR,Brühl,www.maxernstmuseum.lvr.de
Heimatmuseum Brunsbüttel,Brunsbüttel,www.museum-brunsbuettel.de
Stadtgalerie im Elbeforum,Brunsbüttel,www.stadtgalerie-brunsbuettel.de
Bubenreutheum e.V.,Bubenreuth,www.bubenreutheum.de
Kreismuseum Wewelsburg,Büren-Wewelsburg,www.wewelsburg.de
Nationalpark-Haus Museum Fedderwardersiel,Butjadingen,www.nationalparkhaus-wattenmeer.de/fedderwardersiel
Geburtshaus Levi Strauss Museum Jeans & Kult,Buttenheim,www.levi-strauss-museum.de
Museum der Stadt Butzbach,Butzbach,www.stadt-butzbach.de
Buxtehude-Museum,Buxtehude,www.buxtehudemuseum.de
Hermann-Hesse-Museum Calw,Calw,www.calw.de/attraktionen/hermann-hesse-museum
Ostfriesisches Landwirtschaftsmuseum Campen,Campen,www.olmc.de
Celler Museen,Celle,www.bomann-museum.de
Deutsches SPIELEmuseum e.V.,Chemnitz,www.deutsches-spielemuseum.de
Industriemuseum Chemnitz,Chemnitz,www.web.saechsisches-industriemuseum.com/chemnitz.html
Kunstsammlungen Chemnitz,Chemnitz,www.kunstsammlungen-chemnitz.de
Museum für Naturkunde Chemnitz,Chemnitz,www.naturkunde-chemnitz.de
Zweckverband Sächsisches Industriemuseum,Chemnitz,www.saechsisches-industriemuseum.de
Kloster Chorin,Chorin,www.kloster-chorin.org
Bündner Naturmuseum,Chur,www.naturkundemuseum.gr.ch
Oberharzer Bergwerksmuseum,Clausthal-Zellerfeld,www.oberharzerbergwerksmuseum.de
Museumsdorf Cloppenburg,Cloppenburg,www.museumsdorf.de
Kunstsammlungen der Veste Coburg,Coburg,www.kunstsammlungen-coburg.de
Naturkunde-Museum Coburg,Coburg,www.naturkunde-museum-coburg.de
Stadtmuseum DAS TOR,Coesfeld,https://stadtmuseum.coesfeld.de/home
Brandenburgisches Landesmuseum für moderne Kunst (BLMK),Cottbus,www.blmk.de
Stadtmuseum Cottbus,Cottbus,www.stadtmuseum-cottbus.de
Stiftung Fürst-Pückler-Museum Park und Schloss Branitz,Cottbus,www.pueckler-museum.eu
Wendisches Museum Cottbus,Cottbus,https://wendisches-museum.de/
Deutsches Landwirtschaftsmuseum Schloss Blankenhain,Crimmitschau,www.deutsches-landwirtschaftsmuseum.de
Tuchfabrik Gebr. Pfau,Crimmitschau,https://web.saechsisches-industriemuseum.com/crimmitschau.html
Windstärke 10- Wrack- und Fischereimuseum Cuxhaven,Cuxhaven,www.windstaerke10.net
KZ-Gedenkstätte Dachau,Dachau,www.kz-gedenkstaette-dachau.de
Zweckverband Dachauer Galerien und Museen,Dachau,www.dachauer-galerien-museen.de
Museum am Dannewerk,Dannewerk,www.danevirkemuseum.de
Eisenbahnmuseum Darmstadt-Kranichst.,Darmstadt,www.museumsbahn.de
Hessisches Landesmuseum Darmstadt,Darmstadt,www.hlmd.de
Museum und bioversum Jagdschloss Kranichstein,Darmstadt,www.jagdschloss-kranichstein.de
Schlossmuseum Darmstadt und Großherzogliche Porzellansammlung,Darmstadt,www.schlossmuseum-darmstadt.de
Kirchner Museum Davos,Davos,www.kirchnermuseum.ch
Museen der Stadt Deggendorf,Deggendorf,www.deggendorf.de
Schulze-Delitzsch-Haus – Deutsches Genossenschaftsmuseum,Delitzsch,www.genossenschaftsmuseum.de
Nordwolle Delmenhorst Nordwestdeutsches  Museum für IndustrieKultur,Delmenhorst,www.delmenhorst.de/kultur-bildung/museum
Dinosaurier Museum Altmühltal,Denkendorf,www.dinosauriermuseum.de
Museum für Naturkunde und Vorgeschichte Dessau,Dessau,www.dessau-rosslau.de/Deutsch/Kultur-und-Tourismus/Ku
Museum für Stadtgeschichte Dessau,Dessau,www.stadtgeschichte.dessau.de
Stiftung Bauhaus Dessau,Dessau,www.bauhaus-dessau.de
Anhaltinische Gemäldegalerie Dessau,Dessau-Roßlau,https://gemaeldegalerie.dessau-rosslau.de
Fürstliches Residenzschloß Detmold,Detmold,www.schloss-detmold.de
Lippisches Landesmuseum Detmold,Detmold,www.lippisches-landesmuseum.de
LWL-Freilichtmuseum Detmold,Detmold,www.lwl-freilichtmuseum-detmold.de
Museum für russlanddeutsche Kulturgeschichte,Detmold,www.russlanddeutsche.de
Bergbaumuseum Deuben,Deuben,www.bergbaumuseum-deuben.de
Museen des Altmarkkreises Salzwedel Freilichtmuseum Diesdorf/Altmark,Diesdorf,www.museen-altmarkkreis.de
Römermuseum Pachten,Dillingen-Pachten,www.roemermuseum-pachten.de
Museum Dingolfing,Dingolfing,www.museum-dingolfing.de
Museum Voswinckelshof,Dinslaken,www.stadtmuseum-dinslaken.de
Museum Schloss Doberlug,Doberlug-Kirchhain,https://www.museumsverbund-lkee.de/Museumsverbund/Museum-Schloss-Doberlug/
Weißgerbermuseum,Doberlug-Kirchhain,www.weissgerbermuseum.de
Museum Art.Plus,Donaueschingen,www.museum-art-plus.com
Jüdisches Museum Westfalen,Dorsten,www.jmw-dorsten.de
DASA Arbeitswelt Ausstellung,Dortmund,www.dasa-dortmund.de
Deutsches Fußballmuseum,Dortmund,www.fussballmuseum.de
Hartware MedienKunstVerein e.V.,Dortmund,www.hmkv.de
LWL-Industriemuseum- Westfälisches Landesmuseum für Industriekultur,Dortmund,www.lwl-industriemuseum.de
mondo mio! Kindermuseum,Dortmund,www.mondomio.de
Museum für Kunst und Kulturgeschichte,Dortmund,https://www.dortmund.de/de/freizeit_und_kultur/museen/mkk/start_mkk/index.html
Museum Ostwall im Dortmunder U,Dortmund,https://dortmunder-u.de/museum-ostwall/
Naturmuseum Dortmund,Dortmund,www.naturmuseum.dortmund.de
Erich Kästner Museum Dresden Villa Augustin,Dresden,www.erich-kaestner-museum.de
Kulturverein Zschoner Mühle e.V.,Dresden,www.zschoner-muehle.de
Militärhistorisches Museum der Bundeswehr,Dresden,www.mhmbw.de/
Museen der Stadt Dresden,Dresden,www.museen-dresden.de
Senckenberg Naturhistorische Sammlung Dresden,Dresden,www.senckenberg.de
Staatliche Kunstsammlungen Dresden,Dresden,www.skd.museum
"Staatliche Schlösser, Burgen und Gärten Sachsen gGmbH",Dresden,www.schloesserland-sachsen.de
Stiftung Deutsches Hygiene-Museum,Dresden,www.dhmd.de
Stiftung Sächsische Gedenkstätten,Dresden,www.stsg.de
Verkehrsmuseum Dresden,Dresden,www.verkehrsmuseum-dresden.de
Kunstsammlung HGN,Duderstadt,www.kunsthallehgn.de
Kultur- und Stadthistorisches Museum Duisburg,Duisburg,www.stadtmuseum-duisburg.de
Museum der Deutschen Binnenschifffahrt,Duisburg,www.binnenschifffahrtsmuseum.de
Stiftung Wilhelm-Lehmbruck-Museum,Duisburg,www.lehmbruckmuseum.de
Leopold-Hoesch-Museum,Düren,www.leopoldhoeschmuseum.de
Stadtmuseum Düren,Düren,www.stadtmuseumdueren.de
Aquazoo Löbbecke Museum,Düsseldorf,www.duesseldorf.de/aquazoo
Filmmuseum Düsseldorf,Düsseldorf,www.duesseldorf.de/filmmuseum
Goethe-Museum Düsseldorf Schloß Jägerhof- Anton-und-Katharina-Kippenberg-Stiftung,Düsseldorf,www.goethe-museum.com/
Heinrich-Heine-Institut,Düsseldorf,www.duesseldorf.de/heineinstitut
Hetjens- Deutsches Keramikmuseum,Düsseldorf,www.duesseldorf.de/hetjens
Kunsthalle Düsseldorf gGmbH,Düsseldorf,www.kunsthalle-duesseldorf.de
Kunstsammlung Nordrhein-Westfalen,Düsseldorf,www.kunstsammlung.de
Museum und Archiv zur Geschichte der Urologie,Düsseldorf,www.museum.dgu.de
NRW Forum Düsseldorf,Düsseldorf,www.nrw-forum.de
Philara,Düsseldorf,www.philara.de
Stadtmuseum Düsseldorf,Düsseldorf,www.duesseldorf.de/stadtmuseum/
Stiftung Museum Kunstpalast,Düsseldorf,www.kunstpalast.de
Stiftung Schloss und Park Benrath,Düsseldorf,www.schloss-benrath.de
Theatermuseum der Landeshauptstadt Düsseldorf,Düsseldorf,www.duesseldorf.de/theatermuseum
Heimatmuseum Ebern,Ebern,www.heimatmuseum-ebern.de
Museum Wald und Umwelt,Ebersberg,www.museumwaldundumwelt.de
Museum Eberswalde,Eberswalde,www.museum-eberswalde.de
Museum Eckernförde,Eckernförde,www.museum-eckernfoerde.de
Zinngrube Ehrenfriedersdorf,Ehrenfriedersdorf,https://web.saechsisches-industriemuseum.com/ehrenfriedersdorf.html
Museum Schloss Fasanerie,Eichenzell,www.schloss-fasanerie.de
Domschatz- und Diözesanmuseum Eichstätt,Eichstätt,www.bistum-eichstaett.de/dioezesanmuseum
Kulturstiftung Kornhaus,Einbeck,www.ps-speicher.de
Bachhaus Eisenach,Eisenach,www.bachhaus.de
Wartburg-Stiftung Eisenach,Eisenach,www.wartburg.de
Dokumentationszentrum Alltagskultur der DDR,Eisenhüttenstadt,www.alltagskultur-ddr.de
Moor- und Fehnmuseum Elisabethfehn,Elisabethfehn,www.fehnmuseum.de
Kulturzentrum Ostpreussen,Ellingen,www.kulturzentrum-ostpreussen.de
Alamannenmuseum Ellwangen,Ellwangen,www.alamannenmuseum-ellwangen.de
Industriemuseum Elmshorn,Elmshorn,www.industriemuseum-elmshorn.de
Kunsthalle Emden,Emden,www.kunsthalle-emden.de
Ostfriesisches Landesmuseum Emden,Emden,www.landesmuseum-emden.de
LVR-Industriemuseum Kraftwerk Ermen & Engels,Engelskirchen,www.industriemuseum.lvr.de/kraftwerkermenengels
Widukind Museum Enger,Enger,www.widukind-museum-enger.de
Museum Erding,Erding,www.museum-erding.de
Angermuseum,Erfurt,www.angermuseum.de
Gedenk- und Bildungsstätte Andreasstraße Erfurt,Erfurt,www.stiftung-ettersberg.de
Geschichtsmuseen der Landeshauptstadt Erfurt,Erfurt,www.stadtmuseum-erfurt.de
Naturkundemuseum Erfurt,Erfurt,www.naturkundemuseum-erfurt.de
Stiftung Deutsches Gartenbaumuseum,Erfurt,www.gartenbaumuseum.de
Planetarium der Sternwarte Neanderhöhe,Erkrath-Hochdahl,www.snh.rp-online.de
Kunstpalais,Erlangen,www.kunstpalais.de
Siemens Healthcare GmbH Siemens Med Museum,Erlangen,www.medmuseum.siemens.com
Stadtmuseum Erlangen,Erlangen,www.erlangen.de/stadtmuseum
Naturparkzentrum und Dinosaurierpark Teufelsschlucht,Ernzen,www.dinosaurierpark-teufelsschlucht.de
Stiftung Ruhr Museum,Essen,www.ruhrmuseum.de
Museen der Stadt Esslingen,Esslingen a. Neckar,www.museen-esslingen.de
Museum Ettlingen,Ettlingen,www.ettlingen.de
LVR-Industriemuseum Tuchfabrik Müller,Euskirchen,www.industriemuseum.lvr.de/tuchfabrikmueller
Stadtmuseum Euskirchen,Euskirchen,www.kulturhof.de/museum
Ostholstein-Museum,Eutin,www.oh-museum.de
Schloss Eutin,Eutin,www.schloss-eutin.de
Galileo Wissenswelt,Fehmarn,www.galileo-fehmarn.de
Fränkisches Museum Feuchtwangen,Feuchtwangen,www.fraenkisches-museum.de
Sängermuseum Feuchtwangen,Feuchtwangen,www.saengermuseum.de
FilderStadtMuseum,Filderstadt,https://www.filderstadt.de/start/tourismus/filderstadtmuseum.html
Gedenkstätte „Wege der Erinnerung“,Filderstadt,https://www.filderstadt.de/start/bildung/Gedenkstaette+KZ+Aussenlager.html
Serigrafie-Museum Filderstadt,Filderstadt,https://www.filderstadt.de/start/tourismus/Sammlung+Domberger.html
Städtische Galerie Filderstadt,Filderstadt,https://www.filderstadt.de/start/bildung/Staedtische+Galerie.html
Zweckverband Niederbayerische Freilichtmuseen/ Freilichtmuseum Finsterau,Finsterau,www.freilichtmuseum.de
Sänger- und Kaufmannsmuseum,Finsterwalde,https://www.museumsverbund-lkee.de/Museumsverbund/Snger-und-Kaufmannsmuseum/
Fränkisches Freilandmuseum Fladungen,Fladungen,www.freilandmuseum-fladungen.de
Rhönmuseum,Fladungen,www.rhoenmuseum.de
Flensburger Schifffahrtsmuseum,Flensburg,www.schifffahrtsmuseum.flensburg.de
Museumsberg Flensburg,Flensburg,www.museumsberg.flensburg.de
Phänomenta,Flensburg,www.phaenomenta-flensburg.de
KZ-Gedenkstätte Flossenbürg,Flossenbürg,www.gedenkstaette-flossenbuerg.de
Pfalzmuseum Forchheim,Forchheim,www.forchheim.de
Erlebnismuseum ZeitWerkStadt,Frankenberg,www.zeit-werk-stadt.de
Erkenbert Museum,Frankenthal (Pfalz),www.frankenthal.de/sv_frankenthal/de/Homepage/Kultur
Städtische Museen Junge Kunst und Viadrina,Frankfurt / Oder,www.museum-viadrina.de
Stiftung Kleist-Museum,Frankfurt / Oder,www.kleist-museum.de
Archäologisches Museum Frankfurt,Frankfurt am Main,www.archaeologisches-museum.frankfurt.de
Bildungsstätte Anne Frank e.V.,Frankfurt am Main,www.bs-anne-frank.de
Deutsches Architekturmuseum,Frankfurt am Main,www.dam-online.de
DFF – Deutsches Filminstitut & Filmmuseum e.V.,Frankfurt am Main,www.deutsches-filminstitut.de
DIALOGMUSEUM gGmbH,Frankfurt am Main,www.dialogmuseum.de
EXPERIMINTA Science Center,Frankfurt am Main,www.experiminta.de
Forschungsinstitut und Naturmuseum Senckenberg,Frankfurt am Main,www.senckenberg.de
Fotografie Forum Frankfurt,Frankfurt am Main,www.fffrankfurt.org
Frankfurter Bibelgesellschaft e.V. Bibelhaus Erlebnis Museum,Frankfurt am Main,www.bibelhaus-frankfurt.de
Frankfurter Feldbahnmuseum e.V.,Frankfurt am Main,www.feldbahn-ffm.de
Freies Deutsches Hochstift / Frankfurter Goethe-Museum,Frankfurt am Main,www.goethehaus-frankfurt.de
Goldkammer Frankfurt,Frankfurt am Main,www.goldkammer.de
Heinrich-Hoffmann-Museum /Struwwelpeter Museum,Frankfurt am Main,www.struwwelpeter-museum.de
Historisches Museum,Frankfurt am Main,www.historisches-museum-frankfurt.de.
Jüdisches Museum Frankfurt,Frankfurt am Main,www.juedischesmuseum.de
Kunststiftung DZ BANK,Frankfurt am Main,kunststiftungdzbank.de
MMK Museum für Moderne Kunst,Frankfurt am Main,www.mmk-frankfurt.de
Museum Angewandte Kunst,Frankfurt am Main,www.museumangewandtekunst.de
Museum für Kommunikation Frankfurt,Frankfurt am Main,www.mfk-frankfurt.de
Museum Giersch der Goethe-Universität,Frankfurt am Main,www.museum-giersch.de
Weltkulturen Museum,Frankfurt am Main,www.weltkulturenmuseum.de
Glasmuseum Fraunau- Staatliches Museum zur Geschichte der Glaskultur,Frauenau,glasmuseum-frauenau.de
Naturmuseum Thurgau,Frauenfeld,www.naturmuseum.tg.ch
Stadt- und Bergbaumuseum Freiberg,Freiberg,www.museum-freiberg.de
terra mineralia,Freiberg,www.terra-mineralia.de
Städtische Museen Freiburg Archäologisches Museum/Colombischlössle,Freiburg,www.museen.freiburg.de
Städtische Museen Freiburg/ Augustinermuseum,Freiburg,www.augustinermuseum.de
Städtische Museen Freiburg/ Museum für Neue Kunst,Freiburg,www.museen.freiburg.de
Städtische Museen Freiburg/ Museum Natur und Mensch,Freiburg,www.grafischewerkstatt.de/adelhausermuseum/
PEAC Museum,Freiburg i. Br.,https://www.peac.digital/
Schafhof – Europäisches Kunstforum Oberbayern,Freising,www.schafhof-kunstforum.de
Bauernmuseum Bamberger Land,Frensdorf,www.bauernmuseum-frensdorf.de
Technikmuseum Freudenberg,Freudenberg,www.technikmuseum-freudenberg.de
Friedrich-Ludwig-Jahn-Museum,Freyburg,www.jahn-museum.de
Kloster Zscheiplitz,Freyburg/Zscheiplitz,www.zscheiplitz.com
Museum im Wittelsbacher Schloss,Friedberg,www.museum-friedberg.de
Wetterau-Museum,Friedberg,www.wetterau-museum.de
Museum Friedland,Friedland,www.museum-friedland.de
Magistrat der Stadt Friedrichsdorf Philipp-Reis-Haus,Friedrichsdorf,www.friedrichsdorf.de
Dornier Museum Friedrichshafen,Friedrichshafen,www.dorniermuseum.de
Schulmuseum Friedrichshafen,Friedrichshafen,www.schulmuseum-fn.de
Zeppelin-Museum Friedrichshafen,Friedrichshafen,www.zeppelin-museum.de
Otto-von-Bismarck-Stiftung,Friedrichsruh,www.bismarck-stiftung.de
Stiftung Museum Fritzlar,Fritzlar,zur%20Zeit%20geschlossen
Dommuseum Fulda,Fulda,www.bistum-fulda.de
Vonderau Museum,Fulda,www.museum-fulda.de
Museum Schloss Fürstenberg,Fürstenberg,www.fuerstenberg-schloss.com
Jüdisches Museum Franken,Fürth,www.juedisches-museum.org
Rundfunkmusem der Stadt Fürth,Fürth,www.rundfunkmuseum.fuerth.de
Stadtmuseum Fürth,Fürth,www.stadtmuseum-fuerth.de
Deutsches Uhrenmuseum,Furtwangen,www.deutsches-uhrenmuseum.de
Unimog-Museum,Gaggenau,www.unimog-museum.de
Museum Haus Dix,Gaienhofen-Hemmenhofen,https://www.kunstmuseum-stuttgart.de/museum-haus-dix
Jüdisches Museum Gailingen,Gailingen,www.jm-gailingen.de
Museum Aschenbrenner,Garmisch-Partenkirchen,www.museum-aschenbrenner.de
Emsland Moormuseum,Geeste,www.moormuseum.de
Kunstmuseum Gelsenkirchen,Gelsenkirchen,www.kunstmuseum-gelsenkirchen.de
Stadtmuseum Gerlingen,Gerlingen,www.gerlingen.de/stadtmuseum
Deutsches Segelflugmuseum mit Modellflug,Gersfeld/Rhön,www.segelflugmuseum.de
Ballonmuseum Gersthofen,Gersthofen,www.stadt-gersthofen.de/FREIZEIT7BALLONMUSEUM
Westfälisches Glockenmuseum Gescher,Gescher,www.glockenmuseum-gescher.de
Museum Oberschönenfeld,Gessertshausen,www.museum-oberschoenenfeld.de
Kunsthalle Gießen,Gießen,www.kunsthalle-giessen.de
Mathematikum Gießen,Gießen,www.mathematikum.de
Oberhessisches Museum,Gießen,www.giessen.de
Museen des Landkreises Gifhorn,Gifhorn,www.museen-gifhorn.de
Deutsches Uhrenmuseum Glashütte,Glashütte,www.uhrenmuseum-glashuette.com
Keltenwelt am Glauberg,Glauburg,www.keltenwelt-glauberg.de
Museum für Kunst und Kulturgeschichte Goch,Goch,www.museum-goch.de
Kulturstiftung Sachsen-Anhalt,Gommern,www.kulturstiftung-st.de
Kunsthalle Göppingen,Göppingen,www.kunsthalle-goeppingen.de
Märklineum,Göppingen,www.maerklineum.com
Städtisches Museum Göppingen im „Storchen“,Göppingen,www.goeppingen.de
Görlitzer Sammlungen für Geschichte und Kultur,Görlitz,www.goerlitzer-sammlungen.de
Schlesisch-Oberlausitzer Museumsverbund gGmbH,Görlitz,www.oberlausitz-museum.de
Schlesisches Museum zu Görlitz,Görlitz,www.schlesisches-museum.de
Senckenberg Museum für Naturkunde Görlitz,Görlitz,www.senckenberg.de/goerlitz
Weltkulturerbe Erzbergwerk Rammelsberg Goslar GmbH,Goslar,www.rammelsberg.de
Stiftung Schloss Friedenstein Gotha,Gotha,www.stiftungfriedenstein.de/
Geowissenschaftliches Museum der Universität Göttingen,Göttingen,www.geomuseum.uni-goettingen.de
Kunsthaus Göttingen,Göttingen,www.kunsthaus-goettingen.de
Landschaftsverband Südniedersachsen e.V.,Göttingen,www.landschaftsverband.org
Städtisches Museum Göttingen,Göttingen,www.museum.goettingen.de
Niederrheinisches Freilichtmuseum,Grefrath,www.niederrheinisches-freilichtmuseum.de
Pommersches Landesmuseum,Greifswald,www.pommersches-landesmuseum.de
Villa Erckens – Museum der Niederrheinischen Seele,Grevenbroich,www.museum-villa-erckens.de
Museum Göschenhaus – Seume – Gedenkstätte,Grimma,www.goeschenhaus.de
Wilhelm Ostwald Park,Grimma,www.wilhelm-ostwald-park.de
Museum Synagoge Gröbzig,Gröbzig,www.synagoge-groebzig.de
rock’n’popmuseum,Gronau,www.rock-popmuseum.de
Stadtmuseum Groß-Gerau,Groß-Gerau,www.gross-gerau.de
Museum Alte Lateinschule,Großenhain,www.museum.grossenhain.de
Deutsches Damast- und Frottiermuseum Großschönau,Großschönau,www.ddfm.de
Freilichtmuseum Glentleiten,Großweil,www.glentleiten.de
Maritime Landschaft Unterelbe,Grünendeich,www.maritime-elbe.de
Siebenbürgisches Museum Gundelsheim,Gundelsheim,www.siebenbuergisches-museum.de
Heimatmuseum Günzburg,Günzburg,www.guenzburg.de
Ernst-Barlach-Stiftung,Güstrow,www.Ernst-Barlach-Stiftung.de
Museum der Barlachstadt Güstrow,Güstrow,www.guestrow.de
Schwarzwälder Freilichtmuseum- Vogtsbauernhof,Gutach/Schwarzwaldbahn,www.vogtsbauernhof.de
Peter-August-Böckstiegel-Stiftung,Gütersloh,www.boeckstiegel-haus.de
Stadtmuseum Gütersloh,Gütersloh,www.stadtmuseum-guetersloh.de
Kulturzentrum Haus der Donauschwaben,Haar,www.donauschwaben.bayern
Landschaftsmuseum Westerwald,Hachenburg,www.landschaftsmuseum-westerwald.de
Emil Schumacher Museum,Hagen,www.esmh.de
LWL-Freilichtmuseum Hagen Landesmuseum für Handwerk u. Technik,Hagen,www.lwl-freilichtmuseum-hagen.de
Domschätze Halberstadt und Quedlinburg,Halberstadt,www.die-domschaetze.de
Gleimhaus. Museum der deutschen Aufklärung,Halberstadt,www.gleimhaus.de
Museen der Stadt Halberstadt,Halberstadt,ww.halberstadt.de
Museum Haldensleben,Haldensleben,www.museumhaldensleben.de
Hallesches Salinemuseum e.V.,Halle,www.salinemuseum.de
Kunstverein “Talstraße” e.V.,Halle,www.kunstverein-talstrasse.de
Stadtmuseum Halle,Halle,www.stadtmuseumhalle.de
Graf-Luckner-Museum,Halle (Saale),www.luckner-gesellschaft.de/luckner-museum
Franckesche Stiftungen zu Halle,Halle/Saale,www.francke-halle.de
Landesamt für Denkmalpflege und Archäologie Sachsen-Anhalt-Landesmuseum für Vorgeschichte,Halle/Saale,www.lda-lsa.de
LWL-Römermuseum,Haltern am See,www.lwl-roemermuseum-haltern.de
Archäologisches Museum Hamburg,Hamburg,www.amh.de
Bucerius Kunst Forum,Hamburg,www.buceriuskunstforum.de
Bundeskanzler-Helmut-Schmidt-Stiftung,Hamburg,https://www.helmut-schmidt.de/ausstellungen/schmidt-demokratie-leben
"Deutsche Arbeitsgemeinschaft von Sportmuseen, Sportarchiven und Sportsammlungen e.V.",Hamburg,www.dags-ev.de
Ernst Barlach Haus,Hamburg,www.barlach-haus.de
Forum für Künstlernachlässe e.V.,Hamburg,www.kuenstlernachlaesse.de
"Freie und Hansestadt Hamburg Kulturbehörde Referat Museen, Planetarium",Hamburg,www.hamburg.de/bkm/
Hamburger Kunsthalle,Hamburg,www.hamburger-kunsthalle.de
HSV-Museum,Hamburg,www.hsv-museum.de
Internationales Maritimes Museum Hamburg,Hamburg,www.internationales-maritimes-museum.de/
MARKK – Museum am Rothenbaum,Hamburg,www.markk-hamburg.de
Medizinhistorisches Museum Hamburg,Hamburg,www.uke.de/medizinhistorisches-museum.de
Miniatur Wunderland,Hamburg,www.miniatur-wunderland.de
Montblanc Haus,Hamburg,https://www.montblanc.com/de-de/discover/montblanc-haus/inspire-writing
Museum für Kunst und Gewerbe,Hamburg,www.mkg-hamburg.de
Panik City Betriebs GmbH,Hamburg,www.panikcity.de
PANOPTIKUM – Wachsfigurenkabinett,Hamburg,https://www.panoptikum.de/
PANOPTIKUM – Wachsfigurenkabinett,Hamburg,www.panoptikum.de
Polizeimuseum Hamburg,Hamburg,www.polizeimuseum.hamburg.de
Speicherstadtmuseum,Hamburg,www.speicherstadtmuseum.de
Stiftung Hamburger Gedenkstätten,Hamburg,https://www.gedenkstaetten-hamburg.de/de/
Stiftung Historische Museen Hamburg Museum für Hamburgische Geschichte,Hamburg,www.hamburgmuseum.de
Stiftung Ohm,Hamburg,www.siftung-ohm.de
Stiftung Wasserkunst- Elbinsel Kaltehofe,Hamburg,www.wasserkunst-hamburg.de
Universitätsmuseum Hamburg,Hamburg,www.uni-hamburg.de/unimuseum
Museumsverein Hameln e.V.,Hameln,www.museum-hameln.de
Gustav-Lübcke-Museum,Hamm,www.hamm.de/gustav-luebcke-museum
Historisches Museum Hanau – Schloss Philippsruhe,Hanau,www.museen-hanau.de
Hessisches Puppen- und Spielzeugmuseum,Hanau-Wilhelmsbad,www.hessisches-puppenmuseum.de
Städtisches Museum Hann. Münden,Hann. Münden,www.hann.muenden.de/kultur/museum
Kestnergesellschaft e.V.,Hannover,www.kestnergesellschaft.de
Landesmuseum Hannover,Hannover,www.landesmuseum-hannover.de
Museen für Kulturgeschichte Hannover,Hannover,www.hannover-museum.de
Museum für Energiegeschichte(n)- Avacon AG,Hannover,www.energiegeschichte.de
Sprengel Museum Hannover,Hannover,www.sprengel-museum.de
Veterinärmedizinhistorisches Museum,Hannover,www.vethis.de
Wilhelm Busch- Deutsches Museum für Karikatur und Zeichenkunst,Hannover,www.karikatur-museum.de
Heimatverein Haselünne e.V.,Haselünne,www.heimatverein-haseluenne.de
Stadtmuseum Hattingen,Hattingen,www.stadtmuseum.hattingen.de
Granitzentrum Bayerischer Wald,Hauzenberg,granitzentrum.de
Annette von Droste Hülshoff-Stiftung,Havixbeck,www.burg-huelshoff.de
Baumberger Sandstein-Museum,Havixbeck,www.sandsteinmuseum.de
Museumsinsel Lüttenheid,Heide,www.heide.de
Carl Bosch Museum gGmbH,Heidelberg,www.carl-bosch-museum.de
Deutsches Apotheken-Museum,Heidelberg,www.deutsches-apotheken-museum.de
Dokumentations- und Kulturzentrum Deutscher Sinti und Roma,Heidelberg,www.sintiundroma.de
Kurpfälzisches Museum der Stadt Heidelberg,Heidelberg,www.museum-heidelberg.de
Stiftung Reichspräsident Friedrich-Ebert-Gedenkstätte,Heidelberg,www.ebert-gedenkstaette.de
Zoologisches Museum der Universität Heidelberg,Heidelberg,www.rzuser.uni-heidelberg.de/~g52/
Experimenta gGmbH,Heilbronn,www.experimenta.science
Städtische Museen Heilbronn,Heilbronn,www.museen-heilbronn.de
Historisches Museum Hellental,Heinade-Hellental,historisches-museum-hellental.de
Deutsches Burgenmuseum,Heldburg,www.deutschesburgenmuseum.de
Verein Oberfränkisches Textilmuseum,Helmbrechts,www.textilmuseum.de
Kultur-und Heimathaus Stadt Blankenberg,Hennef,www.stadtblankenberg.de
Keltenmuseum Heuneburg,Herbertingen,www.heuneburg.de
Marta Herford,Herford,www.marta-herford.de
Städtisches Museum,Herford,www.poeppelmannhaus.de
Flugausstellung Peter Junior,Hermeskeil,www.flugausstellung.de
Emschertal-Museum Schloß Strünkede und Städtische Galerie,Herne,www.emschertal-museum.herne.de
LWL-Museum für Archäologie,Herne,www.lwl-landsmuseum-herne.de
Freilichtmuseum Klausenhof,Herrischried,www.freilichtmuseum-klausenhof.de
Dommuseum Hildesheim,Hildesheim,www.dommuseum-hildesheim.de
Hochheimer Museen,Hochheim am Main,www.hochheim.de
Museum Bayerisches Vogtland,Hof,www.museum-hof.de
Stadtmuseum Hofheim am Taunus,Hofheim am Taunus,www.hofheim.de
"Ballenberg, Freilichtmuseum der Schweiz",Hofstetten bei Brienz,www.ballenberg.ch
Museum der Bayerischen Könige,Hohenschwangau,www.museumderbayerischenkoenige.de
Keramikmuseum Westerwald,Höhr-Grenzhausen,www.keramikmuseum.de
Kunstmuseum Schloss Derneburg,Holle,www.sdmuseum.de
Urweltmuseum Hauff,Holzmaden,www.urweltmuseum.de
DA Kunsthaus Kloster Gravenhorst,Hörstel,www.da-kunsthaus.de
Otto Pankok Museum,Hünxe,www.pankok-museum-esselt.de
Bayerisches Schulmuseum Ichenhausen,Ichenhausen,www.schulmuseum-ichenhausen.de
Deutsches Edelsteinmuseum,Idar-Oberstein,www.edelsteinmuseum.de
Deutsches Mineralienmuseum,Idar-Oberstein,www.deutsches-mineralienmuseum.de
Museum Illertissen,Illertissen,www.illertissen.de
Stiftung Monumenta Vitruvii,Ilmenau-Stützerbach,www.monumenta-vitruvii.de
Allgäuer Bergbauernmuseum,Immenstadt,www.bergbauernmuseum.de
Museum bei der Kaiserpfalz,Ingelheim am Rhein,www.museum-ingelheim.de
Museum OBENTRAUT3,Ingelheim-Großwinternheim,www.kunstimaltenweingut.de
Bayerisches Armeemuseum,Ingolstadt,www.armeemuseum.de
Deutsches Medizinhistorisches Museum,Ingolstadt,www.dmm-ingolstadt.de
Museum für Konkrete Kunst,Ingolstadt,www.mkk-ingolstadt.de
Zentrum Stadtgeschichte Ingolstadt,Ingolstadt,https://zentrumstadtgeschichte.ingolstadt.de
Kunstraum Innsbruck,Innsbruck,www.kunstraum-innsbruck.at
Tiroler Landesmuseen,Innsbruck,www.tiroler-alndesmuseen.at
Freilandmuseum Kirchenburg Mönchsondheim,Iphofen,www.kirchenburgmuseum.de
Knauf-Museum Iphofen,Iphofen,www.knauf-museum.de
Städtische Museen Iserlohn,Iserlohn,www.museen-iserlohn.de
Kallmann-Museum Ismaning,Ismaning,www.kallmann-museum.de
Schlossmuseum Ismaning,Ismaning,www.schlossmuseum-ismaning.de
Kreismuseum Prinzeßhof,Itzehoe,www.kreismuseum-prinzesshof.de/
Wenzel-Hablik-Museum,Itzehoe,www.wenzel-hablik.de
Deutsches Optisches Museum,Jena,www.deutsches-optisches-museum.de
"Institut für Geschichte der Medizin, Naturwissenschaft und Technik Ernst-Haeckel-Haus",Jena,www.ehh.uni-jena.de/Institut.html
Lehrstuhl für Klassische Archäologie der Friedrich-Schiller Universität Jena,Jena,www.gw.uni-jena.de/klassische-archaeologie
Städtische Museen,Jena,www.museen-jena.de
Kunststätte Bossard,Jesteburg,www.bossard.de
Schlossmuseum Jever,Jever,www.schlossmuseum.de
Museum im Mönchenkloster,Jüterbog,www.jueterbog.de
Museum Pfalzgalerie Kaiserslautern,Kaiserslautern,www.mpk.de
Museum der Westlausitz Kamenz,Kamenz,www.museum-westlausitz.de
Städtische Sammlungen Kamenz,Kamenz,www.städtische-sammlungen-kamenz.de
Haus im Moos,Karlshuld,https://www.haus-im-moos.de/
Badisches Landesmuseum Karlsruhe,Karlsruhe,www.landesmuseum.de
Museum für Literatur am Oberrhein,Karlsruhe,www.literaturmuseum.de
Staatliche Kunsthalle Karlsruhe,Karlsruhe,www.kunsthalle-karlsruhe.de
Staatliches Museum für Naturkunde Karlsruhe,Karlsruhe,www.smnk.de
Städtische Galerie Karlsruhe,Karlsruhe,www.staedtische-galerie.de
Stiftung Forum Recht,Karlsruhe,www.stiftung-forum-recht.de
ZKM – Zentrum für Kunst und Medien,Karlsruhe,www.zkm.de
documenta,Kassel,www.documenta.de
Grimmwelt Kassel,Kassel,www.grimmwelt.de
Henschel-Museum + Sammlung e.V.,Kassel,www.henschel-museum.net
Hessen Kassel Heritage,Kassel,www.heritage-kassel.de
Museum Fridericianum,Kassel,www.fridericianum.org
Museum für Sepulkralkultur- Zentralinstitut für Sepulkralkultur,Kassel,www.sepulkralmuseum.de
Naturkundemuseum im Ottoneum,Kassel,www.naturkundemuseum-kassel.de
Stadtmuseum Kassel,Kassel,www.stadtmuseum-kassel.info
Technik-Museum Kassel,Kassel,www.tmkkassel.de
Kunsthaus Kaufbeuren,Kaufbeuren,www.kunsthaus-kaufbeuren.de
Stadtmuseum Kaufbeuren,Kaufbeuren,www.stadtmuseum-kaufbeuren.de
Stadtmuseum Kelkheim,Kelkheim,www.kelkheim.de
Städtisches Kramer-Museum,Kempen,https://www.kempen.de/kultur-tourismus-freizeit/kultur-kempen/museen-ausstellungen
Kemptener Museen,Kempten,www.museen-kempten.de
Niederrheinisches Museum für Volkskunde und Kulturgeschichte e.V. Kevelaer,Kevelaer,www.niederrheinisches-museum-kevelaer.de
Kunsthalle zu Kiel,Kiel,www.kunsthalle-kiel.de
Schleswig-Holst. Landesbibliothek,Kiel,www.shlb.de
Zoologisches Museum Der Universität Kiel,Kiel,www.uni-kiel.de/zoologisches-museum
Städtisches Museum im Kornhaus,Kirchheim,www.kirchheim-teck.de/de/entdecken/In+und+um+Kirchheim/Museen+und+Galerien
Städtisches Museum Kitzingen,Kitzingen,www.museum.kitzingen.info
Museum Kurhaus Kleve- Ewald Mataré-Sammlung,Kleve,www.museumkurhaus.de
Freilichtmuseum Klockenhagen,Klockenhagen,www.freilichtmuseum-klockenhagen.de
Hennebergisches Museum Kloster Veßra,Kloster Veßra,www.museumklostervessra.de
Faust-Museum und Faust-Archiv,Knittlingen,www.knittlingen.de
Landesmuseum Koblenz,Koblenz,www.landesmuseum-koblenz.de
Mittelrhein-Museum,Koblenz,www.mittelrhein-museum.de
Rhein-Museum Koblenz,Koblenz,www.rhein-museum.de
Franz Marc Museum,Kochel am See,www.franz-marc-museum.de
Deutsches Sport & Olympia Museum,Köln,www.sportmuseum.de
DOMID- Dokumentationszentrum und Museum über die Migration in Deutschland e.V.,Köln,www.domid.org
Käthe Kollwitz Museum Köln,Köln,www.kollwitz.de
Kölner Domschatzkammer,Köln,www.koelner-domschatzkammer.de
Kölner Karnevalsmuseum,Köln,www.kk-museum.de
Kölnisches Stadtmuseum,Köln,www.koelnisches-stadtmuseum.de
Kolumba Kunstmuseum des Erzbistums Köln,Köln,www.kolumba.de
Medizinhistorisches Museum Köln,Köln,www.medizinmuseum.cologne
Museum für angewandte Kunst Köln,Köln,www.makk.de
Museum Ludwig Köln,Köln,www.museum-ludwig.de
Museum Raffael Becker,Köln,www.museum-raffael-becker.de
Museum Schnütgen,Köln,www.museum-schnuetgen.de
NS-Dokumentationszentrum der Stadt Köln,Köln,museenkoeln.de/ns-dokumentationszentrum
Rautenstrauch-Joest-Museum- Kulturen der Welt,Köln,www.museenkoeln.de/rautenstrauch-joest-museum
Römisch-Germanisches Museum der Stadt Köln,Köln,www.roemisch-germanisches-museum.de
Schokoladenmuseum Köln,Köln,www.schokoladenmuseum.de
Wallraf-Richartz-Museum & Fondation Corboud,Köln,www.wallraf.museum
Festung Königstein gGmbH,Königstein,www.festung-koenigstein.de
Haus Schlesien e.V.,Königswinter,www.hausschlesien.de
Siebengebirgsmuseum,Königswinter,www.siebengebirgsmuseum.de
Archäologisches Landesmuseum Baden-Württemberg,Konstanz,www.konstanz.alm-bw.de/
Rosgartenmuseum,Konstanz,www.rosgartenmuseum.de
Städtische Wessenberg-Galerie Konstanz,Konstanz,https://www.konstanz.de/wessenberg-galerie
Freilichtmuseum Roscheider Hof,Konz,roscheiderhof.de
Wolfgang-Bonhage-Museum Korbach,Korbach,www.museum-korbach.de
Heimatmuseum Münchingen,Korntal-Münchingen,www.korntal-muenchingen.de
Museen der Stadt Kornwestheim/Museum im Kleihues-Bau,Kornwestheim,www.museen-kornwestheim.de
Historisches Museum und Bach-Gedenkstätte im Schloß Köthen,Köthen,www.bachstadt-koethen.de/museen_im_schloss
Deutsches Messingmuseum für angewandte Kunst,Krefeld,www.deutsches-messing-museum.gallery
Deutsches Textilmuseum,Krefeld,www.krefeld.de/textilmuseum
Kunstmuseen Krefeld- Kaiser Wilhelm Museum,Krefeld,www.kunstmuseenkrefeld.de
Museum Burg Linn,Krefeld,www.krefeld.de/de/museum-burg-linn/41-museum-burg-lin
Museum Rosenegg,Kreuzlingen,https://www.museumrosenegg.ch/
Schwäbisches Bauernhofmuseum Illerbeuren,Kronburg,www.bauernhofmuseum.de
Museen im Kulmbacher Mönchshof,Kulmbach,www.kulmbacher-moenchshof.de
Museum Quintana – Archäologie in Künzing,Künzing,www.museum-quintana.de
Erzgebirgisches Spielzeugmuseum mit seinem Freilichtmuseum,Kurort Seiffen,www.spielzeugmuseum-seiffen.de
Stadtmuseum Lahr,Lahr,www.stadtmuseum.lahr.de
Kastenhof Landau – Das Museum für Steinzeit und Gegenwart,Landau a.d. Isar,www.steinzeit-museum.de
Neues Stadtmuseum,Landsberg am Lech,www.museum-landsberg.de
Museen der Stadt Landshut,Landshut,www.landshut.de
Landschaftsmuseum Angeln/Unewatt,Langballig,www.museum-unewatt.de
Museum Langenargen,Langenargen,www.museum-langenargen.de
Schloßmuseum Laubach,Laubach,www.schloss-laubach.de
Industriemuseum Lauf,Lauf,www.industriemuseum-lauf.de
Museum zur Geschichte von Christen und Juden,Laupheim,www.museum-laupheim.de/museum.html
Heimatmuseum Leer,Leer,www.heimatmuseum-leer.de
Bach-Museum Leipzig,Leipzig,www.bachmuseumleipzig.de
Botanischer Garten der Universität Leipzig,Leipzig,www.bota.uni-leipzig.de
Deutsches Buch- und Schriftmuseum der Deutschen Nationalbibliothek,Leipzig,www.dnb.de
Deutsches Museum für Galvanotechnik,Leipzig,https://vdmg.de/
Felix-Mendelssohn-Bartholdy- Stiftung Mendelssohn-Haus,Leipzig,www.mendelssohn-stiftung.de
G2 Kunsthalle,Leipzig,www.g2-leipzig.de
GRASSI Museum für Angewandte Kunst,Leipzig,www.grassimuseum.de
Kustodie und Kunstsammlung Universität Leipzig,Leipzig,www.kustodie.uni-leipzig.de
Museum der bildenden Künste Leipzig,Leipzig,www.mdbk.de
Museum für Druckkunst Leipzig,Leipzig,www.druckkunst-museum.de
Naturkundemuseum Leipzig,Leipzig,www.naturkundemuseum.leipzig.de
Stadtgeschichtliches Museum Leipzig,Leipzig,www.stadtmuseum-leipzig.de
Stiftung Galerie für Zeitgenössische Kunst Leipzig,Leipzig,www.gfzl.de
Dümmer-Museum Lembruch,Lembruch,www.duemmer-museum.de
Schloß Brake- Das Weserrenaissance-Museum,Lemgo,www.wrm.lemgo.de
Städtisches Museum Lemgo- Museum Hexenbürgermeisterhaus,Lemgo,www.hexenbuergermeisterhaus.de
Landwirtschaftsmuseum Prienfeldhof Lensahn e.V.,Lensahn,www.museumshof-lensahn.de
Stadtmuseum Leonberg,Leonberg,www.leonberg.de
Deutsches Flugpionier-Museum,Leutershausen,www.weisskopf.de
Museum Morsbroich,Leverkusen,www.museum-morsbroich.de
Stiftung Kloster Dalheim – LWL-Landesmuseum für Klosterkultur,Lichtenau,www.stiftung-kloster-dalheim.lwl.org
Schlossverwaltung Lichtenstein,Lichtenstein,www.schloss-lichtenstein.de
Stadtmuseum Lichtenstein,Lichtenstein / Sachsen,www.lichtenstein-sachsen.de
Museum.BL,Liestal,www.museum.bl.ch
Diözesanmuseum Limburg,Limburg,www.staurothek.de
Stadtmuseum Lindau,Lindau,www.lindau.de
Deutsches Hutmuseum,Lindenberg im Allgäu,www.deutsches-hutmuseum.de
LVR-Freilichtmuseum Lindlar,Lindlar,www.freilichtmuseum-lindlar.lvr.de
Oberlausitzer Sechsstädtebund- und Handwerksmuseum Löbau,Löbau,www.loebau.de
Gedenkstätte Bergen- Belsen,Lohheide,www.bergen-belsen.de
Industrie Museum Lohne,Lohne,www.industriemuseum-lohne.de
Spessartmuseum,Lohr,www.spessartmuseum.de
Dreiländermuseum Lörrach,Lörrach,www.dreilaendermuseum.eu
Museum Schloss & Gut Liebenberg,Löwenberger Land/ OT Liebenberg,www.dkb-stiftung.de
Die Lübecker Museen,Lübeck,www.die-luebecker-museen.de
Europäisches Hansemuseum Lübeck gGmbH,Lübeck,www.hansemuseum.eu
Goebelleum- Freilichtmuseum Bischofsherberge,Lübeck,www.freilichtmuseum-bischofsherberge.de
KOLK 17 gGmbH,Lübeck,www.kolk17.de
KOLK 17 gGmbH Figurentheater & Museum  Lübeck,Lübeck,www.kolk17.de
Willy-Brandt-Haus Lübeck,Lübeck,www.willy-brandt-luebeck.de
Niederlausitz-Museum Luckau,Luckau,www.niederlausitzmuseum-luckau.de
Stiftung Rotkreuz-Museum im Land Brandenburg,Luckenwalde,www.drk-flaeming-spreewald.de
Museen der Stadt Lüdenscheid,Lüdenscheid,www.luedenscheid.de
Münsterlandmuseum Burg Vischering,Lüdinghausen,www.burg-vischering.de
Ludwigsburg Museum,Ludwigsburg,www.ludwigsburgmuseum.de
Strafvollzugsmuseum Ludwigsburg,Ludwigsburg,strafvollzugsmuseum.de
Wilhelm-Hack Museum,Ludwigshafen,www.wilhelmhack.museum
Deutsches Salzmuseum,Lüneburg,www.salzmuseum.de
Museum Lüneburg,Lüneburg,www.museumlueneburg.de
Ostpreußisches Landesmuseum,Lüneburg,www.ostpreussisches-landesmuseum.de
Museum Schloss Rochsburg,Lunzenau,www.schloss-rochsburg.de
Cranach-Stiftung Wittenberg,Lutherstadt Wittenberg,www.cranach-stiftung.de
LutherMuseen,Lutherstadt Wittenberg,www.luthermuseen.de
Musée National d’Histoire et d’Art,Luxemburg,www.mnha.lu
Kantonale Museen Luzern,Luzern,www.naturmuseum.ch
Magdeburger Museen,Magdeburg,www.khm-magdeburg.de
Museum Kulturland Ries,Maihingen,www.museumkulturlandries.de
Gutenberg-Museum,Mainz,www.gutenberg-museum.de
Johannes Gutenberg-Universität Sammlungskoordination,Mainz,www.sammlungen.uni-mainz.de
Kunsthalle Mainz,Mainz,www.kunsthalle-mainz.de
Landesmuseum Mainz,Mainz,www.landesmuseum-mainz.de
Naturhistorisches Museum,Mainz,www.mainz.de/nhm/index.html
Römisch-Germanisches Zentralmuseum RGZM,Mainz,www.rgzm.de
Stiftung Deutsches Kabarettarchiv e.V.,Mainz,www.kabarett.de
kelten römer museum manching,Manching,www.museum-manching.de
Maarmuseum Manderscheid,Manderscheid,www.maarmuseum.de
Kunsthalle Mannheim,Mannheim,https://www.kuma.art/
Leibniz-Institut für Deutsche Sprache,Mannheim,https://www.ids-mannheim.de/
Reiss-Engelhorn-Museen,Mannheim,www.rem-mannheim.de
TECHNOSEUM,Mannheim,www.technoseum.de
Deutsches Literaturarchiv Marbach- Deutsche Schillergesellschaft e.V.,Marbach,www.dla-marbach.de
Deutsches Adelsarchiv,Marburg,https://www.adel-in-deutschland.de/verbaende/stiftung-deutsches-adelsarchiv
Kunstmuseum Marburg,Marburg,https://www.uni-marburg.de/de/museum
Landgrafenschloss,Marburg,https://www.marburg.de/portal/seiten/landgrafenschloss-900000041-23001.html
Museum für Kunst und Kulturgeschichte Marburg,Marburg,www.uni-marburg.de/uni-museum
Religionskundliche Sammlung der Philipps-Universität,Marburg,www.uni-marburg.de/relsamm
Museum sächsisch-böhmisches Erzgebirge,Marienberg,www.marienberg.de
Musikinstrumenten-Museum Markneukirchen,Markneukirchen,www.museum-markneukirchen.de
Vogtländisches Freilichtmuseum,Markneukirchen,freilichtmuseum-vogtland.de/de/
Stadtmuseum Marktoberdorf,Marktoberdorf,www.marktoberdorf.de
Egerland-Museum,Marktredwitz,www.egerlandmuseum.de
Skulpturenmuseum Glaskasten Marl,Marl,www.skulpturenmuseum-glaskasten-marl.de
Eifelmuseum Mayen,Mayen,www.museumswelten-mayen.de
LVR-Freilichtmuseum Kommern- Landesmuseum für Volkskunde,Mechernich,www.kommern.de
Meininger Museen,Meiningen,https://www.meiningermuseen.de/
Meissen Porzellan-Stiftung GmbH,Meißen,www.porzellan-museum.com
Dithmarscher Landesmuseum,Meldorf,www.landesmuseum-dithmarschen.de
Schleswig-Holsteinisches Landwirtschaftsmuseum,Meldorf,www.landwirtschaftsmuseum-schleswig-holstein.de
Kreisgalerie im Alten Spital,Mellrichstadt,https://kultur.rhoen-grabfeld.de/museen-und-spielstaetten
MEWO Kunsthalle,Memmingen,www.mewo-kunsthalle.de
Museum Menden für Stadt- und Kulturgeschichte,Menden,www.mendende/museum
Emsland Archäologie Museum,Meppen,www.archaeologie-emsland.de
Deutsches Chemie-Museum Merseburg,Merseburg,www.dchm.de
Kulturhistorisches Museum Schloss Merseburg,Merseburg,www.saalekreis.de
Welterbe Grube Messel,Messel,www.grube-messel.de
Draiflessen Collection,Mettingen,www.draiflessen.com
Stiftung Neanderthal Museum,Mettmann,www.neanderthal.de
Museen der Stadt Miltenberg,Miltenberg,www.museen-miltenberg.de
Kulturamt und Museen der Stadt Mindelheim,Mindelheim,www.mindelheimer-museen.de
LWL-Preußenmuseum Minden,Minden,www.lwl-preussenmuseum.de
Mindener Museum,Minden,www.mindenermuseum.de
Museum “Alte Pfarrhäuser” und Johannes-Schilling-Haus,Mittweida,www.museum-mittweida.de
Grafschafter Museum im Moerser Schloss,Moers,www.grafschafter-museum.de
Freilichtmuseum Molfsee- Landesmuseum f. Volkskunde,Molfsee,www.freilichtmuseum-sh.de
Möllner Museum- Historisches Rathaus und Eulenspiegelmuseum,Mölln,www.moellner-museum.de
Museum Abteiberg,Mönchengladbach,www.museum-abteiberg.de
Städtisches Museum Schloss Rheydt,Mönchengladbach,www.schlossrheydt.de
Erlebnismuseum Lernort Natur,Monschau,www.erlebnismuseum-lernort-museum.de
Museum Mörfelden,Mörfelden-Walldorf,https://www.moerfelden-walldorf.de/de/freizeit/kultur/
Museum Walldorf,Mörfelden-Walldorf,www.moerfelden-walldorf.de/de/freizeit/kultur
Stiftung Käthe Kollwitz Haus Moritzburg,Moritzburg,www.kollwitz-moritzburg.de
Museum Mühlacker,Mühlacker,www.muehlacker.de
Museum Mühlberg 1547,Mühlberg/Elbe,https://www.museumsverbund-lkee.de/Museumsverbund/Museum-Mhlberg-1547/
Geschichtszentrum und Museum Mühldorf a. Inn,Mühldorf a. Inn,www.museum-muehldorf.de
Mühlhäuser Museen,Mühlhausen,www.mhl-museen.de
Museum Oberes Donautal,Mühlheim a.d. Donau,www.muehlheim-donau.de
Aquarius Wassermuseum,Mülheim an der Ruhr,www.aquarius-wassermuseum.de
Kunstmuseum Mühlheim an der Rhur,Mülheim an der Ruhr,www.kunstmuseum-muelheim.de
Markgräfler Museum im Blankenhorn-Palais,Müllheim,www.markgraefler-museum.de
Senckenberg Deutsches Entomologisches Institut,Müncheberg,www.senckenberg.de
Alpines Museum des Deutschen Alpenvereins,München,www.alpines-museum.de
Amuseum of Contemporary Art,München,www.streetartmuseum.org
Archäologische Staatssammlung,München,www.archaeologie-bayern.de
Bayerisches Nationalmuseum,München,www.bayerisches-nationalmuseum.de
Deutsche Gesellschaft für christliche Kunst e.V.,München,www.dg-kunstraum.de
Deutsches Theatermuseum,München,www.deutschestheatermuseum.de
Die Neue Sammlung – The Design Museum,München,www.die-neue-sammlung.de
Jüdisches Museum München,München,www.juedisches-museum-muenchen.de
Kindermuseum München,München,www.kindermuseum-muenchen.de
Kunstfoyer der Versicherungskammer Kulturstiftung,München,www.versicherungskammer-kulturstiftung.de
Kunsthalle der Hypo-Kulturstiftung,München,www.kunsthalle-muc.de
"Landesamt für Digitalisierung, Breitband und Vermessung",München,www.ldbv.de
Monacensia im Hildebrandhaus,München,https://www.muenchner-stadtbibliothek.de/monacensia-im-hildebrandhaus
Münchner Stadtmuseum,München,www.stadtmuseum-online.de
Museum Fünf Kontinente,München,www.museum-fuenf-kontinente.de
Museum Villa Stuck München,München,www.villastuck.de
MVG Museum,München,www.mvg.de/services/freizeittipps/mvg-museum.thml
NS-Dokumentationszentrum München,München,www.nsdoku.de
Sammlung Goetz,München,www.sammlung-goetz.de
SNSB – Staatliche Naturwissenschaftliche Sammlungen Bayerns,München,www.snsb.de
Staatliche bayerische Sammlungen und Museen,München,www.pinakothek.de
Staatliche Graphische Sammlung München,München,www.sgsm.eu
Staatliche Münzsammlung München,München,www.staatliche-muenzsammlung.de
Staatliches Museum Ägyptischer Kunst,München,www.smaek.de
Städtische Galerie im Lenbachhaus und Kunstbau München,München,www.lenbachhaus.de
Sudetendeutsches Museum,München,www.sudetendeutsches-museum.de
Henneberg-Museum Münnerstadt,Münnerstadt,www.muennerstadt.de/freizeit-tourismus/museum/
Bibelmuseum WWU,Münster,www.uni-muenster.de/Bibelmuseum
Deutsches Panzermuseum Munster,Münster,www.daspanzermuseum.de
Domkammer der Kathedralkirche St.-Paulus,Münster,www.domkammer-muenster.de
Geomuseum der Universität Münster,Münster,www.uni-muenster.de/Geomuseum
Kunstmuseum Pablo Picasso Münster,Münster,www.kunstmuseum-picasso-muenster.de
LWL-Museum für Kunst und Kultur,Münster,www.lwl-landesmuseum-muenster.de
LWL-Museum für Naturkunde Westfälisches Landesmuseum mit Planetarium,Münster,www.lwl.org/LWL/Kultur/WMfN
LWL-Museumsamt für Westfalen,Münster,www.lwl-museumsamt.de
Museum für Lackkunst,Münster,www.museum-fuer-lackkunst.de
Museum für Lackkunst,Münster,www.museum-fuer-lackkunst.de
Stadtmuseum Münster,Münster,www.stadtmuseum-muenster.de
Westfälisches Pferdemuseum Münster,Münster,www.pferdemuseum.de
Schloßmuseum Murnau,Murnau am Staffelsee,www.schlossmuseum-murnau.de
Museum Burg Mylau,Mylau,www.burgmylau.de
Freilandmuseum Oberpfalz,Nabburg,www.freilandmuseum-oberpfalz.de
Museum im Steinhaus,Nagold,https://www.nagold.de/de/Freizeit-Tourismus/Kultur/Museen-Ausstellungen/Steinhaus
Stadtmuseum Naumburg,Naumburg,www.mv-naumburg.de
Vereinigte Domstifter zu Merseburg und Naumburg und des Kollegiatstifts Zeitz,Naumburg,www.vereinigte-domstifter.de
Besucherzentrum Arche Nebra,Nebra,www.himmelsscheibe-erleben.de
Deutsches Zweirad- und NSU-Museum Neckarsulm und Stadtmuseum,Neckarsulm,www.demomu.de
Freilichtmuseum Hessenpark,Neu-Anspach,www.hessenpark.de
Edwin-Scharff-Museum und Städtische Sammlungen Neu-Ulm,Neu-Ulm,www.edwinscharffmuseum.de
Regionalmuseum Neubrandenburg,Neubrandenburg,www.museum-neubrandenburg.de
Stadtmuseum Neuburg an der Donau,Neuburg,www.stadtmuseum-neuburg.de
Schloss Neuenbürg,Neuenbürg,www.schloss-neuenbuerg.de
Deutsches Dampflokomotiv Museum,Neuenmarkt,www.dampflokmuseum.de
Freilichtmuseum Neuhausen ob Eck,Neuhausen,www.freilichtmuseum-neuhausen.de
Stiftung Seebüll Ada und Emil Nolde,Neukirchen,www.nolde-stiftung.de
Tuch und Technik- Textilmuseum Neumünster,Neumünster,www.tuch-und-technik.de
Stadtmuseum Neuötting,Neuötting,www.neuoetting.de/kultur-tourismus/stadtmuseum/
Museum Neuruppin,Neuruppin,www.museum-neuruppin.de
Clemens-Sels-Museum Neuss,Neuss,www.clemens-sels-museum.de
Rheinisches Schützenmuseum Neuss,Neuss,www.rheinisches-schuetzenmuseum.de
Stiftung Insel Hombroich,Neuss,www.inselhombroich.de
Museum im Alten Schloss Aischgründer Karpfenmuseum,Neustadt an der Aisch,www.karpfenmuseum.de
Stiftung Hambacher Schloss,Neustadt an der Weinstraße,www.hambacher-schloss.de
Museum der Deutschen Spielzeugindustrie,Neustadt/Coburg,www.spielzeugmuseum-neustadt.de
Extraball Deutsches Flippermuseum,Neuwied,www.flippermuseum.eu
Stiftung Stift Neuzelle,Neuzelle,www.stift-neuzelle.de
Historische Schauweberei Braunsdorf,Niederwiesa,www.hstorische-schauweberei-braunsdorf.de
Museum Nienburg,Nienburg,www.museum-nienburg.de
Ostfriesisches Teemuseum Norden,Norden,www.teemuseum.de
Rüstringer Heimatbund e.V.- Moorseer Mühle,Nordenham,www.ruestringer-heimatbund.de
Museum Nordseeheilbad Norderney,Norderney,www.museum-norderney.de
Feuerwehrmuseum Schleswig-Holstein,Norderstedt,www.feuerwehrmuseum-sh.de
Stadtmuseum Norderstedt,Norderstedt,www.stadtmuseum.norderstedt.de
Förderverein Deutsches Luftschiff und Marinefliegermuseum Nordholz e.V.,Nordholz,www.aeronauticum.de
Städtische Galerie Nordhorn,Nordhorn,www.staedtische-galerie.nordhorn.de
Stadtmuseum Nordhorn,Nordhorn,www.stadtmuseum-nordhorn.de
Museum und Forum Schloss Homburg,Nümbrecht,www.schloss-homburg.de
Bibel Museum Bayern,Nürnberg,https://bibelmuseum.bayern/de/das-museum
DB Museum,Nürnberg,www.dbmuseum.de
Germanisches Nationalmuseum,Nürnberg,www.gnm.de
Kunstvilla im KunstKulturQuartier,Nürnberg,www.kunstvilla.org
Kunstvilla im KunstKulturQuartier,Nürnberg,www.kunstvilla.org
Museen der Stadt Nürnberg,Nürnberg,www.museen.nuernberg.de
Museum für Kommunikation Nürnberg,Nürnberg,www.mfk-nuernberg.de
Naturhistorische Gesellschaft Nürnberg e.V.,Nürnberg,www.nhg-nuernberg.de
Neues Museum- Staatliches Museum für Kunst und Design in Nürnberg,Nürnberg,www.nmn.de
Stadtmuseum Nürtingen,Nürtingen,www.stadtmuseum-nuertingen.de
Südsee-Sammlung und Historisches Museum Obergünzburg,Obergünzburg,www.suedseesammlung.de
LUDWIGGALERIE Schloss Oberhausen,Oberhausen,www.ludwiggalerie.de
LVR-Industriemuseum Peter-Behrens-Bau,Oberhausen,www.industriemuseum.lvr.de/de/die_museen/peter_behrens_bau/peterbehrensbau_1.html
LVR-Industriemuseum Rheinisches Landesmuseum für Industrie und Sozialgeschichte,Oberhausen,www.industriemuseum.lvr.de/de/die_museen/die_museen_1.html
LVR-Industriemuseum St. Antony-Hütte,Oberhausen,www.industriemuseum.lvr.de/antonyhuette
LVR-Industriemuseum Zinkfabrik Altenberg,Oberhausen,www.industriemuseum.lvr.de/zinkfabrikaltenberg
Zeiss Museum der Optik,Oberkochen,www.zeiss.de/museum
Magnetangler Museum,Oberstenfeld,www.magnetanglermuseum.de
Vortaunusmuseum- Hans-Thoma-Gedächtnisstätte,Oberursel,www.vortaunusmuseum.de
Museum für Westfälische Literatur-Kulturgut Haus Nottbeck,Oelde,www.kulturgut-nottbeck.de
Bergbaumuseum Oelsnitz/Erzgebirge,Oelsnitz,www.bergbaumuseum-oelsnitz.de
Museen Schloß Voigtsberg,OElsnitz/Vogtl.,www.schloss-voigtsberg.de
Archäologisches Freilichtmuseum Oerlinghausen,Oerlinghausen,www.afm-oerlinghausen.de
Klingspor-Museum,Offenbach,www.klingspor-museum.de
DLM Deutsches Ledermuseum Schuhmuseum Offenbach,Offenbach/M.,www.ledermuseum.de
Museum im Ritterhaus,Offenburg,www.museum-offenburg.de
Museum Saigerhütte Olbernhau,Olbernhau,www.olbernhau.de
Horst-Janssen-Museum Oldenburg,Oldenburg,www.horst-janssen-museum.de
Landesmuseum für Kunst und Kulturgeschichte,Oldenburg,www.landesmuseum-ol.de
Landesmuseum Natur und Mensch Oldenburg,Oldenburg,www.NaturundMensch.de
Stadtmuseum Oldenburg,Oldenburg,www.stadtmuseum-oldenburg.de
Stiftung Brandenburgische Gedenkstätten,Oranienburg,www.stiftung-bg.de
DBU Zentrum für Umweltkommunikation,Osnabrück,www.dbu.de
Kulturgeschichtliches Museum- Felix-Nussbaum-Haus,Osnabrück,www.osnabrueck.de/tourismus/tagungsservice-osnabrueck/veranstaltungsorte/felix-nussbaum-haus-und-kulturgeschichtliches-museum-osnabrueck.html
"Museum am Schölerberg- Natur und Umwelt, Planetarium",Osnabrück,www.museum-am-schoelerberg.de
Museum Industriekultur Osnabrück GmbH,Osnabrück,www.industriekultur-museumos.de
Kurverwaltung Ostseebad Göhren- Mönchguter Museen,Ostseebad Göhren,www.goehren-ruegen.de
Museum Gegenstandsfreier Kunst,Otterndorf,www.mgk-otterndorf.de
Museum für zeitgenössische Kunst- Diether Kunerth,Ottobeuren,www.mzk-diku.de
Saarländischer Museumsverband e.V.,Ottweiler,www.museumsverband-saarland.de
Erzbischöfliches Diözesanmuseum,Paderborn,www.erzbistum-paderborn.de/museum/
HNF Heinz Nixdorf MuseumsForum GmbH,Paderborn,www.hnf.de
Städtische Museen und Galerien Paderborn,Paderborn,www.paderborn.de/museen
Museum der Stadt Parchim,Parchim,www.museum-parchim.de
Oberhaus Museum Passau,Passau,www.oberhausmuseum.de
Historisch-Technisches Museum Peenemünde GmbH,Peenemünde,www.peenemuende.de
Kreismuseum Peine- Museum für Alltagskultur,Peine,www.kreismuseum-peine.de
Museum Petersberg,Petersberg,www.museum-petersberg.de
Schmuckmuseum Pforzheim,Pforzheim,www.schmuckmuseum.de
Stiftung Lernort Demokratie – Das DDR-Museum Pforzheim,Pforzheim,www.pforzheim-ddr-museu.de
Hohenwart Forum Bildung und Begegnung gGmbH,Pforzheim-Hohenwart,www.hohenwart.de
Vogtlandmuseum Plauen,Plauen,www.plauen.de/vogtlandmuseum
Besucher-Bergwerk & Museum Kleinenbremen,Porta Westfalica,https://bergwerk-kleinenbremen.de/
Museum Burg Posterstein,Posterstein,www.burg-posterstein.de
Brandenburgische Gesellschaft für Kultur und Geschichte,Potsdam,www.gesellschaft-kultur-geschichte.de
Filmmuseum Potsdam,Potsdam,www.filmmuseum-potsdam.de
Museum Alexandrowka Potsdam,Potsdam,www.alexandrowka.de
Museum Barberini,Potsdam,www.museum-barberini.com
Museum FLUXUS+,Potsdam,www.fluxus-plus.de
Naturkundemuseum Potsdam,Potsdam,www.naturkundemuseum-potsdam.de
Potsdam Museum – Forum für Kunst und Geschichte,Potsdam,www.potsdam-museum.de
Stiftung Preußische Schlösser und Gärten Berlin-Brandenburg,Potsdam,www.spsg.de
Fränkische Schweiz-Museum Tüchersfeld,Pottenstein,www.fsmt.de
Dominikanerkloster Prenzlau,Prenzlau,www.dominikanerkloster-prenzlau.de
Darß-Museum,Prerow,www.ostseebad-prerow.de
Bergbaumuseum Pribram/ Tschechien,Pribram,www.muzeum-pribram.cz
LVR-Kulturzentrum Abtei Brauweiler,Pulheim,www.abteibrauweiler.lvr.de
Karl-May-Museum gGmbH,Radebeul,www.karl-may-museum.de
Stiftung Hoflößnitz,Radebeul,www.hofloessnitz.de
Fasnachtsmuseum Schloss Langenstein,Radolfzell am Bodensee,www.fasnachtsmuseum.de
Stadtmuseum Rastatt,Rastatt,www.stadtmuseum-rastatt.de
Wehrgeschichtliches Museum,Rastatt,www.wgm-rastatt.de
Palais Rastede- Kunst- und Kulturkreis Rastede e.V.,Rastede,www.kkr-rastede.de
Optik Industrie Museum im Kulturzentrum Rathenow,Rathenow,www.kulturzentrum-rathenow.de
LVR-Industriemuseum Textilfabrik Cromford,Ratingen,www.industriemuseum.lvr.de/textilfabrikcromford
Museum Ratingen,Ratingen,www.museum-ratingen.de
Oberschlesisches Landesmuseum,Ratingen,www.oslm.de
A. Paul Weber-Museum,Ratzeburg,https://apaulwebermuseum.de/
Ernst Barlach Museum Ratzeburg,Ratzeburg,www.ernst-barlach.de
Kreismuseum Herzogtum Lauenburg,Ratzeburg,www.herzogtumlauenburgmuseum.de
Kunstmuseum Ravensburg,Ravensburg,www.kunstmuseum-ravensburg.de
Museum Humpis-Quartier,Ravensburg,www.museum-humpis-quartier.de
Ikonen-Museum Recklinghausen,Recklinghausen,www.ikonen-museum.com
Städtische Kunsthalle,Recklinghausen,www.kunst-re.de
Domschatz Regensburg,Regensburg,www.bistumsmuseen-regensburg.de
Haus der Bayerischen Geschichte,Regensburg,www.hdbg.de
Kunstforum Ostdeutsche Galerie,Regensburg,www.kunstforum.net
Museen der Stadt Regensburg,Regensburg,www.regensburg.de/kultur/museen/alle-museen
Naturkundemuseum Ostbayern Regensburg,Regensburg,www.nmo-regensburg.de
Dinosaurier-Freilichtmuseum Münchehagen GmbH & Co. KG,Rehburg-Loccum,www.dinopark.de
Neuberin-Museum,Reichenbach im Vogtland,www.reichenbach-vogtland.de/kultur-freizeit/museen-sammlungen/neuberin-museum/
Deutsches Röntgen-Museum,Remscheid,www.roentgenmuseum.de
Deutsches Werkzeugmuseum,Remscheid,www.werkzeugmuseum.org
Museen im Kulturzentrum,Rendsburg,www.museen-rendsburg.de
Museumsverband Schleswig-Holstein und Hamburg e.V.,Rendsburg,www.museumsverband-sh.de/
Zweckverband Brehm-Gedenkstätte,Renthendorf,www.brehm-gedenkstätte.com
Heimatmuseum Reutlingen,Reutlingen,www.reutlingen.de
Kunstmuseum Reutlingen,Reutlingen,www.kunstmuseum-reutlingen.de
Naturkundemuseum Reutlingen,Reutlingen,www.reutlingen.de/naturkundemuseum
Städtische Museen,Rheine,www.rheine.de
Deutsch-kanadisches Luftwaffenmuseum,Rheinmünster,www.airforcemuseumsoellingen.de
Kunsthaus Rietberg Museum Wilfried Koch,Rietberg,www.museum.rietberg.de
Feldbahnmuseum Oekoven,Rommerskirchen,www.gillbachbahn.de
Rhein-Kreis-Neuss- Kulturzentrum Sinsteden,Rommerskirchen,www.rhein-kreis-neuss.de/kulturzentrum
Freilichtmuseum am Kiekeberg,Rosengarten-Ehestorf,www.kiekeberg-museum.de
Ausstellungszentrum Lokschuppen,Rosenheim,www.lokschuppen.de
Börsenmuseum im Haus der Börse Rosenheim,Rosenheim,www.boersenmuseum.de
Inn-Museum- Wasserbau- und schifffahrtstechnische Sammlung,Rosenheim,www.wwa-ro.bayern.de
Städtisches Museum Rosenheim,Rosenheim,www.museum.rosenheim.de
Cryptoneum- Legenden-Museum Rostock,Rostock,www.legenden-museum.de
Kulturhistorisches Museum Rostock- Kloster zum Heiligen Kreuz,Rostock,www.kulturhistorisches-museum-rostock.de
Kunsthalle Rostock,Rostock,www.kunsthallerostock.de
Schifffahrts- und Schiffbaumuseum Rostock,Rostock,www.schifffahrtsmuseum-rostock.de
Mittelalterliches Kriminalmuseum,Rothenburg,www.kriminalmuseum.rothenburg.de
Kunststiftung Erich Hauser,Rottweil,www.erichhauser.de
Siegfrieds Mechanisches Musikkabinett GmbH & Co. Museum KG,Rüdesheim,www.smmk.de
Schillerhaus Rudolstadt,Rudolstadt,www.schillerhaus.rudolstadt.de
Stiftung Thüringer Schlösser und Gärten,Rudolstadt,thueringerschloesser.de
Holzknechtmuseum Ruhpolding,Ruhpolding,www.holzknechtmuseum.com
Stiftung Opelvillen,Rüsselsheim,www.opelvillen.de
Stadtgalerie Saarbrücken,Saarbrücken,www.stadtgalerie-saarbruecken.de
Stiftung Saarländischer Kulturbesitz,Saarbrücken,www.kulturbesitz.de
Zweckverband Historisches Museum Saar,Saarbrücken,www.historisches-museum.org
Museum Glockengießerei Mabilon,Saarburg,www.museum-glockengiesserei-mabilon.de
Städtisches Museum Saarlouis,Saarlouis,www.staedtisches-museum.saarlouis.de
Domquartier Salzburg GmbH,Salzburg,www.domquartier.at
Haus der Natur,Salzburg,www.hausdernatur.at
Salzburger Kunstverein,Salzburg,www.salzburger-kunstverein.at
Städtisches Museum Schloss Salder,Salzgitter,www.salzgitter.de/kultur/museum
Kunsthaus Salzwedel,Salzwedel,www.kunsthaus-salzwedel.com
Museum zu Allerheiligen Schaffhausen,Schaffhausen,www.allerheiligen.ch
Heimatmuseum Scheeßel,Scheeßel,www.heimatmuseum-scheessel.de
Gondwana Praehistorium,Schiffweiler,https://www.gondwana-das-praehistorium.de/
Hansgrohe Aquademie – Museum Bad-Wasser-Design,Schiltach,www.aquademie.de
Landesarchiv Schleswig-Holstein,Schleswig,www.landesarchiv.schleswig-holstein.de
Stadtmuseum Schleswig,Schleswig,www.stadtmuseum-schleswig.de
Stiftung Schleswig-Holsteinische Landesmuseen,Schleswig,www.schloss-gottorf.de
Naturhistorisches Museum Schloß Bertholdsburg,Schleusingen,www.museum-schleusingen.de
Bauernhofmuseum Jexhof,Schöngeising,https://www.jexhof.de/
Forschungsmuseum Schöningen,Schöningen,www.forschungsmuseum-schoeningen.de/
paläon – Forschungs- und Erlebniszentrum Schöninger Speere,Schöningen,www.palaeon.de
Forscherfabrik Schorndorf,Schorndorf,www.forscherfabrik-schorndorf.de
Stadtmuseum Schorndorf,Schorndorf,www.stadtmuseum-schorndorf.de
Stadtmuseum Schramberg Museum für Technik/Sozialgeschichte,Schramberg,www.stadt.schramberg.de
Museen Schrobenhausen,Schrobenhausen,www.museen-schrobenhausen.de
Hohenloher Freilandmuseum,Schwäbisch Hall,www.wackershofen.de
Museum und Galerie im Prediger,Schwäbisch-Gmünd,www.museum-galerie-fabrik.de
PERLA CASTRUM- Ein Schloss voller Geschichte,Schwarzenberg,www.perlacastrum.de
Kunsthalle Schweinfurt,Schweinfurt,www.kunsthalle-schweinfurt.de
Museum Georg Schäfer,Schweinfurt,www.museumgeorgschaefer.de
Mecklenburgisches Volkskundemuseum,Schwerin,www.schwerin.de/freilichtmuseum
Staatliches Museum Schwerin,Schwerin,www.museum-schwerin.de
Kunstblumen- und Heimatmuseum,Sebnitz,https://tourismus.sebnitz.de/kunst-und-kultur/kunstblumen-und-heimatmuseum-sebnitz/
Museum Stangenberg Merck im Haus auf der Höhe,Seeheim-Jugenheim,www.museum-jugenheim.de
"Porzellanikon  – Staatliches Museum für Porzellan, Selb",Selb,www.porzellanikon.org
FRAC Alsace,Selestat,www.culture-alsace.org
Museum des Landkreises Oberspreewald-Lausitz,Senftenberg,www.museums-entdecker.de
Stadtmuseum Siegburg,Siegburg,www.stadtmuseum-siegburg.de
Museum für Gegenwartskunst Siegen,Siegen,www.mgk-siegen.de
Siegerlandmuseum,Siegen,www.siegerlandmuseum.de
Galerie der Stadt Sindelfingen,Sindelfingen,galerie-sindelfingen.de/
Schauwerk Sindelfingen,Sindelfingen,www.schauwerk-sindelfingen.de
Stadtmuseum Sindelfingen,Sindelfingen,www.sindelfingen.de
Archäologisches Hegau-Museum,Singen,www.hegau-museum.de
Kunstmuseum Singen,Singen,www.kunstmuseum-singen.de
KLIMA ARENA Sinsheim,Sinsheim,www.klima-arena.de
Technik Museum Sinsheim,Sinsheim,www.technik-museum.de
Handwerkermuseum Sittensen,Sittensen,www.sittensen.de/zu-gast-in-sittensen/ausflugsziele/wassermuehle.html
Städtische Museen Soest,Soest,www.soest.de
Emslandmuseum Schloss Clemenswerth,Sögel,www.clemenswerth.de
Bergisches Museum- Schloss Burg an der Wupper,Solingen,www.schlossburg.de
Deutsches Klingenmuseum Solingen,Solingen,www.klingenmuseum.de
Kunstmuseum Solingen,Solingen,www.kunstmuseum-solingen.de
LVR-Industriemuseum Gesenkschmiede Hendrichs,Solingen,www.industriemuseum.lvr.de/gesenkschmiedehendrichs
Zentrum für verfolgte Künste,Solingen,www.verfolgte-kuenste.de
Besucherbergwerk Grube Fortuna,Solms-Oberbiel,www.grube-fortuna.de
Naturmuseum Solothurn,Solothurn,www.naturmuseum-so.ch
Schloßmuseum Sondershausen,Sondershausen,www.sondershausen.de/schlossmuseum
Deutsches Spielzeugmuseum,Sonneberg,www.deutschesspielzeugmuseum.de
AlpenStadtMuseum,Sonthofen,www.alpenstadtmuseum.de
Historisches Museum der Pfalz,Speyer,www.museum.speyer.de
Niederlausitzer Heidemuseum- Kreismuseum Landkreis Spree-Neiße,Spremberg,www.heidemuseum.de
Textilmuseum St. Gallen,St. Gallen,textilmuseum.ch
Stadtmuseum St. Wendel im Mia-Münster-Haus,St. Wendel,www.museum-wnd.de
Museen Stade,Stade,www.museen-stade.de
Museum Starnberger See,Starnberg,www.museum-starnberger-see.de
Nahe der Natur- Mitmach-Museum für Naturschutz,Staudenheim (Nahe),www.nahe-natur.com
Fritz-Reuter-Literaturmuseum,Stavenhagen,www.fritz-reuter-literaturmuseum.de
Brüder Grimm Haus,Steinau an der Straße,https://www.steinau.eu/
Deutsches Windkraftmuseum,Stemwede,deutsches-windkraftmuseum.de/
Stadtmuseum Stockach,Stockach,www.stadtmuseum-stockach.de
Deutsches Meeresmuseum,Stralsund,www.deutsches-meeresmuseum.de
Stralsund Museum,Stralsund,www.stralsund-museum.de
Musées de la ville de Strasbourg,Straßburg,de.musees.strasbourg.eu
NAWAREUM,Straubing,www.nawareum.de
Adolf Hölzel-Stiftung,Stuttgart,www.adolf-hoelzel.de
Deutsches Landwirtschaftsmuseum,Stuttgart,www.dlm-hohenheim.de
Haus der Geschichte Baden-Württemberg,Stuttgart,www.hdgbw.de
Kunstmuseum Stuttgart,Stuttgart,www.kunstmuseum-stuttgart.de
Landesmuseum Württemberg,Stuttgart,www.landesmuseum-stuttgart.de
Linden-Museum Stuttgart Staatliches Museum für Völkerkunde,Stuttgart,www.lindenmuseum.de
Mercedes-Benz Museum,Stuttgart,www.mercedes-benz.com/museum
Staatliches Museum für Naturkunde,Stuttgart,www.naturkundemuseum-bw.de
Staatsgalerie Stuttgart,Stuttgart,www.staatsgalerie.de
StadtPalais – Museum für Stuttgart,Stuttgart,www.stadtpalais-stuttgart.de
Stiftung Bundespräsident-Theodor-Heuss-Haus,Stuttgart,www.stiftung-heuss-haus.de
Kunstabteilung des ifa,Stuttgart/ Berlin,www.ifa.de/ausstellungen
Museumsdorf Hösseringen- Landwirtschaftsmuseum Lüneburger Heide e.V.,Suderburg-Hösseringen,www.museumdorf-hoesseringen.de
Waffenmuseum Suhl- Spezialmuseum zur Geschichte der Suhler Handfeuerwaffen,Suhl,www.waffenmuseum.eu
Kreismuseum Syke- Museum des Landkreises Diepholz,Syke,www.kreismuseum-syke.de
Syker Vorwerk- Zentrum für zeitgenössische Kunst,Syke,www.syker-vorwerk.de
Sylter Heimatmuseum,Sylt/Keitum,www.soelring-foriining.de
1. Deutsches Rittergutsmuseum,Taucha bei Leipzig,rittergutsmuseum.de
Wettermuseum – Museum für Meteorologie und Aerologie,Tauche,www.wettermuseum.de
Otto Modersohn Museum Tecklenburg,Tecklenburg,www.ommt.de
Grenzlandmuseum Eichsfeld e.V.,Teistungen,www.grenzlandmuseum.de
Religio- Westfälisches Museum für religöse Kultur,Telgte,www.museum-telgte.de
Stadtmuseum Teterow,Teterow,www.teterow.de
"Stadtmuseum Teterow- Vor- und Frühgeschichte der Teterower Region, Stadtgeschichte",Teterow,www.teterow.de
Elektronikmuseum Tettnang,Tettnang,www.emuseum-tettnang.de
Hüttenmuseum Thale,Thale,www.hüttenmuseum-thale.de
Museum Papiermühle Weddersleben,Thale OT Weddersleben,www.lebenshilfe-hz-qlb.de/papiermuseum.html
DASMAXIMUM- KunstGegenwart,Traunreut,www.dasmaximum.com
Friedrich-Ebert-Stiftung- Museum Karl-Marx-Haus,Trier,www.fes.de/karl-marx-haus
Kunsthalle Trier,Trier,www.kunsthalle-trier.de
Museum am Dom Trier,Trier,www.museum-am-dom-trier.de
Rheinisches Landesmuseum Trier,Trier,www.landesmuseum-trier.de
Schatzkammer der Stadtbibliothek Trier,Trier,www.stadtbibliothek-weberbach.de/schatzkammer/
Stadtmuseum Simeonstift Trier,Trier,www.museum-trier.de
Bilderbuchmuseum Troisdorf,Troisdorf,www.bilderbuchmuseum.de
Deutsches Harmonikamuseum Trossingen,Trossingen,www.harmonika-museum.de
Ika Gesellschaft für internationalen Kulturaustausch,Tübingen,www.intercult.org
Museum der Universität Tübingen MUT | Alte Kulturen,Tübingen,www.unimuseum.de
Stadtmuseum Tübingen im Kornhaus,Tübingen,www.tuebingen.de/stadtmuseum
Stiftung Kunsthalle Tübingen,Tübingen,www.kunsthalle-tuebingen.de
Museen der Stadt Tuttlingen,Tuttlingen,www.tuttlingen.de
Museum Uelzen,Uelzen,www.museumsverein-uelzen.de
Pfahlbaumuseum Unteruhldingen,Uhldingen-Mühlhofen/Bodensee,https://www.pfahlbauten.de/
Die Einsteins – Museum einer Ulmer Familie,Ulm,www.einstein.ulm.de
Kunsthalle Weishaupt,Ulm,wwwkunsthalle-weishaupt.de
Museum Brot und Kunst. Forum Welternährung,Ulm,www.museum-brotkultur.de
Naturkundliches Bildungszentrum Ulm,Ulm,www.naturmuseum-ulm.de
Stiftung Donauschwäbisches Zentralmuseum,Ulm,www.dzm-museum.de
Börde-Museum Burg Ummendorf,Ummendorf (Börde),www.boerde-museum-burg-ummendorf.de
Hellweg – Museum Unna,Unna,www.hellweg-museum-unna.de
Museum Haus Opherdicke,Unna,www.museum-haus-opherdicke.de/
Museum Schloss Cappenberg,Unna,www.museum-schloss-cappenberg.de
Stadtmuseum Unterschleißheim,Unterschleißheim,www.forum-unterschleissheim.de
Liechtensteinisches LandesMuseum,Vaduz,www.landesmuseum.li
Museum Vechta,Vechta,www.museum-vechta.de
Deutsches Schloss- und Beschlägemuseum,Velbert,www.schlossundbeschlaegemuseum.de
Deutsches Pferdemuseum,Verden,www.dpm-verden.de
Städtische Galerie im Park Viersen,Viersen,www.viersen.de
Franziskanermuseum,Villingen-Schwenningen,www.franziskanermuseum.de
Städtische Galerie Villingen-Schwenningen,Villingen-Schwenningen,https://www.villingen-schwenningen.de/kultur-vielfalt/staedtische-galerie/besuch/
Heimatmuseum Vilsbiburg – Kröninger Hafnermuseum,Vilsbiburg,www.museum-vilsbiburg.de
Weltkulturerbe Völklinger Hütte,Völklingen,www.voelklinger-huette.org
kult- Kultur und lebendige Tradition Westmünsterland,Vreden,www.kult-westmuensterland.de/
Museum Abtei Liesborn des Kreises Warendorf,Wadersloh,www.museum-abtei-liesborn.de
Haus der Stadtgeschichte,Waiblingen,www.waiblingen.de
STIHL Markenwelt,Waiblingen,www.stihl-markenwelt.de
Museum Ritter,Waldenbuch,www.museum-ritter.de
Museum-Naturalienkabinett Waldenburg,Waldenburg,www.museum-waldenburg.de
Stadtmuseum Waldkraiburg,Waldkraiburg,www.museum-waldkraiburg.de
Kleinbahn Betriebs. gGmbH,Walsrode,www.klbg-ggmbh.de
Barnim Panorama – Naturpark Agrarmuseum Wandlitz,Wandlitz,www.barnim-panorama.de
Das Müritzeum- NaturErlebnisZentrum der Mecklenburgischen Seenplatte,Waren,www.mueritzeum.de
Dezentrales Stadtmuseum Warendorf,Warendorf,www.warendorf.de
Westpreußisches Landesmuseum,Warendorf,www.westpreussisches-landesmuseum.de
Museum Wasserburg,Wasserburg am Inn,www.museum.wasserburg.de
Kunstmuseum Wedel,Wedel,www.ernst-barlach.de
Museum am Lindenplatz,Weil am Rhein,www.museen-weil-am-rhein.de
Vitra Design Museum,Weil am Rhein,www.design-museum.de
Bergbau- und Stadtmuseum Weilburg,Weilburg,www.museum-weilburg.de
Stadtmuseum Weilheim i. OB,Weilheim i. OB,www.museum.weilheim.de
Klassik Stiftung Weimar,Weimar,www.klassik-stiftung.de
Museum für Ur- und Frühgeschichte Thüringens,Weimar,www.alt-thueringen.de
Stadtmuseum Weimar im Bertuchhaus,Weimar,www.stadtmuseum.weimar.de
Zeiteninsel – Archäologisches Freilichtmuseum Marburger Land,Weimar - Lahn,www.zeiteninsel.de
Stiftung Gedenkstätten Buchenwald und Mittelbau – Dora,Weimar-Buchenwald,www.buchenwald.de
Stadtmuseum im Schlössle,Weingarten,www.weingarten-online.de
Museen Weißenburg,Weißenburg i. Bay.,www.museen-weissenburg.de
Museum Schloss Neu Augustusburg Weißenfels,Weißenfels,www.museum-weissenfels.de
Weißenhorner Heimatmuseum,Weißenhorn,www.weissenhorn.de/tourismus-und-freizeit/heimatmuseum
Glasmuseum Weißwasser,Weißwasser/Oberlausitz,www.glasmuseum-weisswasser.de/
Museumsverein Wendener Hütte,Wenden,www.museum-wendener-huette.de
Stadt- und Dampfmaschinenmuseum Werdau,Werdau,www.werdau.de
Karl-Pollender-Stadtmuseum Werne,Werne,www.museum-werne.de
Grafschaftsmuseum,Wertheim,www.grafschaftsmuseum.de
LVR-Niederrheinmuseum Wesel,Wesel,www.niederrheinmuseum-wesel.lvr.de
Städtische Museen Wetzlar,Wetzlar,www.museum-wetzlar.de
Fürstliche Sammlungen Art Service GmbH & Co. OG,Wien,www.liechtensteincollections.at
Museen der Stadt Wien,Wien,www.wienmuseum.at
Technisches Museum Wien,Wien,www.technischesmuseum.at
frauen museum wiesbaden,Wiesbaden,www.frauenmuseum-wiesbaden.de
Kunsthaus Wiesbaden,Wiesbaden,wiesbaden.de/kunsthaus
Museum Wiesbaden,Wiesbaden,www.museum-wiesbaden.de
Reinhard und Sonja Ernst-Stiftung,Wiesbaden,www.museum-reinhard-ernst.de
Stadtmuseum Wiesbaden,Wiesbaden,www.wiesbaden.de/stadtmuseum
Deutsches Marinemuseum,Wilhelmshaven,www.marinemuseum.de
Kunsthalle Wilhelmshaven,Wilhelmshaven,www.kunsthalle-wilhelmshaven.de
Küstenmuseum Wilhelmshaven,Wilhelmshaven,www.kuestenmuseum.de
UNESCO-Weltnaturerbe Wattenmeer Besucherzentrum,Wilhelmshaven,www.wattenmeer-besucherzentrum.de
Bergbaumuseum Grube Silberhardt,Windeck,www.grube-silberhardt.de
Museum im Marstall,Winsen (Luhe),www.museum-im-marstall.de
phanTECHNIKUM- Technisches Landesmuseum Mecklenburg-Vorpommern,Wismar,www.tlm-mv.de
Stadtgeschichtliches Museum Schabbellhaus,Wismar,https://www.wismar.de/schabbell
DGEG- Deutsche Gesellschaft für Eisenbahngeschichte e.V.,Witten,www.dgeg.de
Märkisches Museum Witten,Witten,www.maerkisches-museum-witten.de
Stadtmuseum Wittenberge,Wittenberge,https://www.wittenberge.de/verzeichnis/visitenkarte.php?mandat=50286
Deutsches Sielhafenmuseum,Wittmund,www.dshm.de
Museum Schloss Wolfach,Wolfach,www.wolfach.de
Bauernhaus-Museum Wolfegg,Wolfegg,www.bauernhaus-museum.de
Industrie- und Filmmuseum Wolfen,Wolfen,www.ifm-wolfen.de
Schlossmuseum Wolfenbüttel,Wolfenbüttel,www.wolfenbuettel.com/schlossmuseum
Erinnerungsort BADEHAUS,Wolfratshausen,www.erinnerungsort-badehaus.de
Historische Museen Wolfsburg- Schloss Wolfsburg,Wolfsburg,www.wolfsburg.de
Kunstmuseum Wolfsburg,Wolfsburg,www.kunstmuseum-wolfsburg.de
phaeno Science Center,Wolfsburg,www.phaeno.de
Städtische Galerie Wolfsburg,Wolfsburg,www.staedtische-galerie-wolfsburg.de
Stiftung AutoMuseum Volkswagen,Wolfsburg,www.volkswagen-automuseum.de
Museum Moderner Kunst- Wörlen Passau,Wörlen Passau,www.mmk-passau.de
Museen der Stadt Worms,Worm,www.museum-andreasstift.de
Barkenhoff-Stiftung Worpswede Heinrich-Vogeler-Museum,Worpswede,www.worpswede-museen.de/barkenhoff
Kulturstiftung Landkreis Osterholz- Große Kunstschau Worpswede,Worpswede,www.worpswede-museum.de
Worpsweder Museumsverbund e.V.,Worpswede,www.worpswede-museen.de
Zeittunnel Wülfrath,Wülfrath,www.zeittunnel-wuelfrath.de
FichtelgebirgsMuseum,Wunsiedel,www.fichtelgebirgsmuseum.de
Museum Industriekultur Wuppertal,Wuppertal,www.mi-wuppertal.de
Skulpturenpark Waldfrieden,Wuppertal,www.skulpturenpark-waldfrieden.de
Von der Heydt-Museum,Wuppertal,www.von-der-heydt-museum.de
Martin von Wagner-Museum der Universität Würzburg,Würzburg,www.martinvonwagner-museum.com
Museen der Diözese Würzburg,Würzburg,www.museen.bistum-wuerzburg.de
Museum für Franken – Staatliches Museum für Kunst- und Kulturgeschichte in Würzburg,Würzburg,www.museum-franken.de
Museum im Kulturspeicher Würzburg,Würzburg,www.kulturspeicher.de
Kulturhistorisches Museum Wurzen,Wurzen,www.kultur-wurzen.de
Brandenburg-Preußen Museum,Wustrau,https://www.brandenburg-preussen-museum.de/willkommen.html
Dr. Carl-Häberlin-Friesen-Museum,Wyk auf Föhr,www.friesen-museum.de
LVR-Archäologischer Park Xanten- LVR-RömerMuseum im  Archäologischen Park Xanten,Xanten,www.apx.lvr.de
SiegfriedMuseum Xanten,Xanten,www.siegfriedmuseum-xanten.de
StiftsMuseum Xanten,Xanten,www.stiftsmuseum-xanten.de
StiftsMuseum Xanten,Xenten,www.stiftsmuseum-xanten.de
Museum Brikettfabrik Herrmannschacht,Zeitz,www.mut-zeitz.de
Oberfränkisches Bauernhofmuseum Kleinlosnitz,Zell,www.kleinlosnitz.de
Städtische Museen Zittau,Zittau,www.museum-zittau.de
Museum für Urgeschichte(n),Zug (Schweiz),www.urgeschichte-zug.ch
Römerthermen Zülpich – Museum der Badekultur,Zülpich,www.roemerthermen-zuelpich.de
"focusTerra, Earth & Science Doscovery Center der ETH Zürich",Zürich,www.focusterra.ethz.ch
August Horch Museum gGmbH,Zwickau,www.horch-museum.de
Kunstsammlungen Zwickau,Zwickau,www.kunstsammlungen-zwickau.de
Museum Priesterhäuser Zwickau,Zwickau,www.priesterhaeuser.de
Waldmuseum Zwiesel,Zwiesel,https://waldmuseum.zwiesel.de/
Museumsdienst Aachen,Aachen,www.museumsdienst-aachen.de
Ostfriesische Landschaft,Aurich,www.ostfriesischelandschaft.de
KulturServiceStelle des Bezirks Oberfranken,Bayreuth,www.bezirk-oberfranken.de/kultur
Acoustiguide GmbH,Berlin,www.acoustiguide.de
Bundesverband Künstlernachlässe e.V. – BKN,Berlin,www.bundesverband-kuenstlernachlaesse.de
"Generaldirektion, Staatliche Museen zu Berlin",Berlin,www.smb.museum
Humboldt Forum Kultur GmbH,Berlin,www.humboldtforum.com/de-DE/akteure/hf-kultur-gmbh/
Kulturprojekte Berlin GmbH,Berlin,www.kulturprojekte-berlin.de
Ostdeutsche Sparkassenstiftung,Berlin,www.ostdeutschesparkassenstiftung.de
Museumsverband Sachsen-Anhalt e.V.,Bernburg,www.mv-sachsen-anhalt.de
AsKI -Arbeitskreis selbständiger Kultur-Institute e.V.,Bonn,www.aski.org
Stiftung Kunstfonds,Bonn,www.kunstfonds.de
Verband der Restauratoren (VDR) e.V.,Bonn,www.restauratoren.de
Abteilung Museen der Autonomen Provinz Bozen/Südtirol,Bozen,www.provinz.bz.it/museen
Vorarlberger Kulturhäuser Betriebsgesellschaft mbH,Bregenz,www.vorarlbergmuseum.at
Sächsische Landesstelle für Museumsberatung,Chemnitz,www.museumswesen.smwk.sachsen.de
Kulturstiftung Dessau-Wörlitz,Dessau-Roßlau,https://www.gartenreich.de/de/
Verein zur Förderung der Lehrerfortbildung e.V.,Dillingen,www.alp.dillingen.de/organisation/foerderverein/
"Gemeinnütziger Verein zur Förderung von Wissenschaft, Kunst und Kultur e.V.",Donaueschingen,www.fuerstenberg-kultur.de
Museumsverband Nordrhein-Westfalen e.V.,Dortmund,www.museumsverband-nrw.de
Landesamt für Archäologie,Dresden,www.lfa.sachsen.de
Sächsische Landesbibliothek – Staats- und Universitätsbibliothek Dresden,Dresden,www.slub-dresden.de
Sächsischer Museumsbund e.V.,Dresden,www.museumsbund-sachsen.de
Haus der Geschichte Nordrhein-Westfalens,Düsseldorf,www.hdgnrw.de
Kulturamt der Landeshauptstadt Düsseldorf,Düsseldorf,www.duesseldorf.de/kulturamt
Unfallkasse Nordrhein-Westfalen,Düsseldorf,www.unfallkasse-nrw.de
Verband Rheinischer Museen e.V.,Düsseldorf,www.verband-rheinischer-museen.de
MUSEALOG,Emden,www.musealog.de
REGIALOG,Emden,www.regialog.de
Museumsverband Thüringen e.V.,Erfurt,www.museumsverband.thueringen.de
museOn | weiterbildung & netzwerk,Freiburg,www.museon.uni-freiburg.de/de/home
Ludwig Erhard Zentrum,Fürth,www.ludwig-erhard-zentrum.de
Centrum für Naturkunde,Hamburg,www.cenak.uni-hamburg.de
Freunde der Kunsthalle e.V.,Hamburg,www.freunde-der-kunsthalle.de
HafenCity Universität Hamburg- Kulturerbe und Museumswissenschaften,Hamburg,www.hcu-hamburg.de
Mahnmal St. Nikolai,Hamburg,https://www.mahnmal-st-nikolai.de/foerderkreis/
Studio Andreas Heller GmbH Architektur und Designbüro,Hamburg,www.studio-andreas-heller.de
Museumsverband für Niedersachsen und Bremen e.V.,Hannover,www.mvnb.de/
Nordfriesland Museum. Nissenhaus,Husum,www.museumsverbund-nordfriesland.de
Lernort Zivilcourage & Widerstand,Karlsruhe,www.lzw-verein.de
Hessischer Museumsverband e.V.,Kassel,www.museumsverband-hessen.de
LETTER Stiftung,Köln,www.letter-stiftung.de
LVR Fachbereich Regionale Kulturarbeit/ Museumsberatung,Köln,www.museumsberatung.lvr.de
Museumsdienst Köln,Köln,www.museenkoeln.de/museumsdienst
ZADIK – Zentralarchiv für deutsche und internationale Kunstmarktforschung,Köln,www.zadik-koeln.de
Bibliotheksservice-Zentrum Baden-Württemberg,Konstanz,www.bsz-bw.de
Kulturstiftung Hansestadt Lübeck,Lübeck,www.die-luebecker-museen.de
Museumsverband Rheinland-Pfalz e.V.,Ludwigshafen,www.museumsverband-rlp.de
Leuphana Universität Lüneburg- Institut Philospohie und Kunstgeschichte,Lüneburg,www.leuphana.de/institute/ipk/organisation/kunstwissenschaft.html
Bildarchiv Foto Marburg,Marburg,www.fotomarburg.de
Landesstelle für die nichtstaatlichen Museen in Bayern,München,www.museen-in-bayern.de
Müller-Rieger GbR Büro für Ausstellungen,München,www.buero-mueller-rieger.de
Museumspädagogisches Zentrum,München,www.mpzbayern.de
Abteilung für Kunst und Kultur Generalvikariat Münster,Münster,www.bistum-muenster.de
Archäologisches Museum der Universität Münster,Münster,www.uni-muenster.de/archaeologischesmuseum/
Vereinigung Westfälischer Museen e.V.,Münster,www.muenster.org/vereinigung-westfaelischer-museen/
Biosphäre Potsdam,Potsdam,www.biosphaere-potsdam.de
Museumsverband des Landes Brandenburg e.V.,Potsdam,www.museen-brandenburg.de
Landesstelle für Museumsbetreuung,Stuttgart,www.landesstelle.de
Museumsverband Baden-Württemberg e.V.,Stuttgart,https://www.museumsverband-bw.de/
space4 GmbH,Stuttgart,www.space4.de
tinyBE GmbH,Wiesbaden,www.tinybe.org
Julius-Maximilians-Universität Würzburg- Abtlg. Museologie und Museumswissenschaft,Würzburg,www.museologie.uni-wuerzburg.de
